Computer Name,ID,OS,IP Address,Domain Workgroup,Last report time
AFPE -4365,AFPE-1034,Linux Amazon  AL2,203.0.113.27,,4/12/2024
BOAP -82645,BOAP-1308,Linux Amazon  AL2,187.50.0.0,,4/12/2024
BORC -32983,BORC-1460,Linux Amazon  AL2,17.5.7.35,,4/12/2024
BORC -4744,BORC-1528,Linux Amazon  AL2,165.254.0.0.56,,4/12/2024
CFRH -51819,CFRH-1465,Linux Amazon  AL2,203.0.113.131,,4/12/2024
CFRH -74498,CFRH-9768,Linux Amazon  AL2,17.5.7.44,,4/12/2024
CFRH -74761,CFRH-1546,Linux Amazon  AL2,203.0.113.38,,4/12/2024
CFRH -92085,CFRH-1580,Linux Amazon  AL2,17.5.7.135,,4/12/2024
DOCE -28753,DOCE-2154,Linux Amazon  AL2,203.0.113.142,,4/12/2024
AFPE -15714,AFPE-1153,Linux Red Hat Enterprises  4.18.0-513.5.1.el8_9,17.5.7.125,,4/12/2024
AFPE -24560,AFPE-1019,Linux Red Hat Enterprises  4.18.0-513.5.1.el8_9,17.5.7.28,,4/12/2024
AFPE -55184,AFPE-1081,Linux Red Hat Enterprises  4.18.0-513.5.1.el8_9,17.5.7.30,,4/12/2024
AFPE -57458,AFPE-1019,Linux Red Hat Enterprises  4.18.0-513.5.1.el8_9,203.0.113.26,,4/12/2024
AFPE -68085,AFPE-1153,Linux Red Hat Enterprises  4.18.0-513.5.1.el8_9,165.254.0.0.64,,4/12/2024
AFPE -71763,AFPE-1034,Linux Red Hat Enterprises  4.18.0-513.5.1.el8_9,17.5.7.29,,4/12/2024
AFPE -7483,AFPE-1081,Linux Red Hat Enterprises  4.18.0-513.5.1.el8_9,17.5.7.124,,4/12/2024
AFPE -76710,AFPE-1081,Linux Red Hat Enterprises  4.18.0-513.5.1.el8_9,203.0.113.122,,4/12/2024
AFPE -78496,AFPE-1034,Linux Red Hat Enterprises  4.18.0-513.5.1.el8_9,165.254.0.0.48,,4/12/2024
AFPE -85616,AFPE-1153,Linux Red Hat Enterprises  4.18.0-513.5.1.el8_9,17.5.7.31,,4/12/2024
AFPE -86925,AFPE-1081,Linux Red Hat Enterprises  4.18.0-513.5.1.el8_9,165.254.0.0.63,,4/12/2024
AFPE -8880,AFPE-1034,Linux Red Hat Enterprises  4.18.0-513.5.1.el8_9,203.0.113.121,,4/12/2024
AFPE -90611,AFPE-1034,Linux Red Hat Enterprises  4.18.0-513.5.1.el8_9,17.5.7.123,,4/12/2024
AFPE -95156,AFPE-1019,Linux Red Hat Enterprises  4.18.0-513.5.1.el8_9,17.5.7.122,,4/12/2024
AFPE -9791,AFPE-1153,Linux Red Hat Enterprises  4.18.0-513.5.1.el8_9,203.0.113.123,,4/12/2024
BOAP -12923,BOAP-1378,Linux Red Hat Enterprises  4.18.0-513.5.1.el8_9,203.0.113.125,,4/12/2024
BOAP -19462,BOAP-1308,Linux Red Hat Enterprises  4.18.0-513.5.1.el8_9,203.0.113.124,,4/12/2024
BOAP -50068,BOAP-1308,Linux Red Hat Enterprises  4.18.0-513.5.1.el8_9,17.5.7.126,,4/12/2024
BOAP -50929,BOAP-1308,Linux Red Hat Enterprises  4.18.0-513.5.1.el8_9,17.5.7.32,,4/12/2024
BOAP -63171,BOAP-1378,Linux Red Hat Enterprises  4.18.0-513.5.1.el8_9,17.5.7.127,,4/12/2024
BOAP -68767,BOAP-1378,Linux Red Hat Enterprises  4.18.0-513.5.1.el8_9,17.5.7.33,,4/12/2024
BOAP -84002,BOAP-1308,Linux Red Hat Enterprises  4.18.0-513.5.1.el8_9,203.0.113.30,,4/12/2024
BOAP -84851,BOAP-1308,Linux Red Hat Enterprises  4.18.0-513.5.1.el8_9,165.254.0.0.66,,4/12/2024
BORC -12204,BORC-1528,Linux Red Hat Enterprises  4.18.0-513.5.1.el8_9,17.5.7.130,,4/12/2024
BORC -50322,BORC-1460,Linux Red Hat Enterprises  4.18.0-513.5.1.el8_9,165.254.0.0.55,,4/12/2024
BORC -53370,BORC-1409,Linux Red Hat Enterprises  4.18.0-513.5.1.el8_9,17.5.7.34,,4/12/2024
BORC -58465,BORC-1528,Linux Red Hat Enterprises  4.18.0-513.5.1.el8_9,17.5.7.36,,4/12/2024
BORC -58582,BORC-1460,Linux Red Hat Enterprises  4.18.0-513.5.1.el8_9,17.5.7.129,,4/12/2024
BORC -68622,BORC-1409,Linux Red Hat Enterprises  4.18.0-513.5.1.el8_9,203.0.113.126,,4/12/2024
BORC -87661,BORC-1409,Linux Red Hat Enterprises  4.18.0-513.5.1.el8_9,17.5.7.128,,4/12/2024
CCA-19949,CCA-1824,Linux Red Hat Enterprises  4.18.0-513.5.1.el8_9,17.5.7.37,,4/12/2024
CCA-52849,CCA-1824,Linux Red Hat Enterprises  4.18.0-513.5.1.el8_9,17.5.7.131,,4/12/2024
CFRH -24874,CFRH-9751,Linux Red Hat Enterprises  4.18.0-513.5.1.el8_9,203.0.113.41,,4/12/2024
CFRH -31908,CFRH-1366,Linux Red Hat Enterprises  4.18.0-513.5.1.el8_9,17.5.7.38,,4/12/2024
CFRH -35249,CFRH-9984,Linux Red Hat Enterprises  4.18.0-513.5.1.el8_9,172.31.255.254,,4/12/2024
CFRH -36011,CFRH-1465,Linux Red Hat Enterprises  4.18.0-513.5.1.el8_9,17.5.7.133,,4/12/2024
CFRH -3701,CFRH-1366,Linux Red Hat Enterprises  4.18.0-513.5.1.el8_9,203.0.113.130,,4/12/2024
CFRH -49178,CFRH-1465,Linux Red Hat Enterprises  4.18.0-513.5.1.el8_9,203.0.113.37,,4/12/2024
CFRH -7071,CFRH-1546,Linux Red Hat Enterprises  4.18.0-513.5.1.el8_9,17.5.7.134,,4/12/2024
CFRH -73076,CFRH-9751,Linux Red Hat Enterprises  4.18.0-513.5.1.el8_9,203.0.113.135,,4/12/2024
CFRH -82242,CFRH-9751,Linux Red Hat Enterprises  4.18.0-513.5.1.el8_9,17.5.7.43,,4/12/2024
CFSP -47442,CFSP-4537,Linux Red Hat Enterprises  4.18.0-513.5.1.el8_9,203.0.113.141,,4/12/2024
CFSP -77278,CFSP-4514,Linux Red Hat Enterprises  4.18.0-513.5.1.el8_9,17.5.7.48,,4/12/2024
DOCE -19982,DOCE-2154,Linux Red Hat Enterprises  4.18.0-513.5.1.el8_9,203.0.113.48,,4/12/2024
DOCE -27885,DOCE-2202,Linux Red Hat Enterprises  4.18.0-513.5.1.el8_9,17.5.7.146,,4/12/2024
DOCE -30968,DOCE-2160,Linux Red Hat Enterprises  4.18.0-513.5.1.el8_9,10.0.0.68,,4/12/2024
DOCE -96873,DOCE-2160,Linux Red Hat Enterprises  4.18.0-513.5.1.el8_9,203.0.113.49,,4/12/2024
DOSR -45769,DOSR-3233,Linux Red Hat Enterprises  4.18.0-513.5.1.el8_9,10.0.0.9,,4/12/2024
DOSR -50625,DOSR-3310,Linux Red Hat Enterprises  4.18.0-513.5.1.el8_9,17.5.7.150,,4/12/2024
DOSR -60910,DOSR-3045,Linux Red Hat Enterprises  4.18.0-513.5.1.el8_9,17.5.7.147,,4/12/2024
DOSR -6866,DOSR-3178,Linux Red Hat Enterprises  4.18.0-513.5.1.el8_9,203.0.113.146,,4/12/2024
DOSR -86510,DOSR-3178,Linux Red Hat Enterprises  4.18.0-513.5.1.el8_9,203.0.113.52,,4/12/2024
IOPS -17795,IOPS-7447,Linux Red Hat Enterprises  4.18.0-513.5.1.el8_9,203.0.113.59,,4/12/2024
IOPS -37371,IOPS-7447,Linux Red Hat Enterprises  4.18.0-513.5.1.el8_9,17.5.7.61,,4/12/2024
IOPS -38654,IOPS-7372,Linux Red Hat Enterprises  4.18.0-513.5.1.el8_9,165.254.0.0.31,,4/12/2024
IOPS -59788,IOPS-7372,Linux Red Hat Enterprises  4.18.0-513.5.1.el8_9,203.0.113.183,,4/12/2024
IOPS -89541,IOPS-7372,Linux Red Hat Enterprises  4.18.0-513.5.1.el8_9,17.5.7.60,,4/12/2024
MOAA -11710,MOAA-5251,Linux Red Hat Enterprises  4.18.0-513.5.1.el8_9,17.5.7.20,,4/12/2024
MOAA -18205,MOAA-5122,Linux Red Hat Enterprises  4.18.0-513.5.1.el8_9,203.0.113.172,,4/12/2024
MOAA -21331,MOAA-4304,Linux Red Hat Enterprises  4.18.0-513.5.1.el8_9,203.0.113.156,,4/12/2024
MOAA -22486,MOAA-4554,Linux Red Hat Enterprises  4.18.0-513.5.1.el8_9,203.0.113.160,,4/12/2024
MOAA -26183,MOAA-5316,Linux Red Hat Enterprises  4.18.0-513.5.1.el8_9,203.0.113.19,,4/12/2024
MOAA -27724,MOAA-4374,Linux Red Hat Enterprises  4.18.0-513.5.1.el8_9,203.0.113.63,,4/12/2024
MOAA -29186,MOAA-5381,Linux Red Hat Enterprises  4.18.0-513.5.1.el8_9,17.5.7.22,,4/12/2024
MOAA -30071,MOAA-4486,Linux Red Hat Enterprises  4.18.0-513.5.1.el8_9,203.0.113.2,,4/12/2024
MOAA -30811,MOAA-4844,Linux Red Hat Enterprises  4.18.0-513.5.1.el8_9,165.254.0.0.32,,4/12/2024
MOAA -32337,MOAA-4554,Linux Red Hat Enterprises  4.18.0-513.5.1.el8_9,165.254.0.0.19,,4/12/2024
MOAA -32829,MOAA-4554,Linux Red Hat Enterprises  4.18.0-513.5.1.el8_9,10.0.0.85,,4/12/2024
MOAA -33748,MOAA-4876,Linux Red Hat Enterprises  4.18.0-513.5.1.el8_9,17.5.7.12,,4/12/2024
MOAA -34420,MOAA-4554,Linux Red Hat Enterprises  4.18.0-513.5.1.el8_9,203.0.113.66,,4/12/2024
MOAA -35312,MOAA-5381,Linux Red Hat Enterprises  4.18.0-513.5.1.el8_9,17.5.7.116,,4/12/2024
MOAA -35484,MOAA-4876,Linux Red Hat Enterprises  4.18.0-513.5.1.el8_9,203.0.113.73,,4/12/2024
MOAA -35821,MOAA-4304,Linux Red Hat Enterprises  4.18.0-513.5.1.el8_9,165.254.0.0.36,,4/12/2024
MOAA -35932,MOAA-5251,Linux Red Hat Enterprises  4.18.0-513.5.1.el8_9,203.0.113.18,,4/12/2024
MOAA -38653,MOAA-4649,Linux Red Hat Enterprises  4.18.0-513.5.1.el8_9,203.0.113.68,,4/12/2024
MOAA -39226,MOAA-4876,Linux Red Hat Enterprises  4.18.0-513.5.1.el8_9,203.0.113.10,,4/12/2024
MOAA -4426,MOAA-4624,Linux Red Hat Enterprises  4.18.0-513.5.1.el8_9,203.0.113.67,,4/12/2024
MOAA -44612,MOAA-5005,Linux Red Hat Enterprises  4.18.0-513.5.1.el8_9,203.0.113.169,,4/12/2024
MOAA -45756,MOAA-5087,Linux Red Hat Enterprises  4.18.0-513.5.1.el8_9,17.5.7.173,,4/12/2024
MOAA -45998,MOAA-4415,Linux Red Hat Enterprises  4.18.0-513.5.1.el8_9,203.0.113.95,,4/12/2024
MOAA -47047,MOAA-5153,Linux Red Hat Enterprises  4.18.0-513.5.1.el8_9,203.0.113.110,,4/12/2024
MOAA -53089,MOAA-5153,Linux Red Hat Enterprises  4.18.0-513.5.1.el8_9,17.5.7.18,,4/12/2024
MOAA -6288,MOAA-4649,Linux Red Hat Enterprises  4.18.0-513.5.1.el8_9,203.0.113.99,,4/12/2024
MOAA -68214,MOAA-4729,Linux Red Hat Enterprises  4.18.0-513.5.1.el8_9,17.5.7.166,,4/12/2024
MOAA -69815,MOAA-4486,Linux Red Hat Enterprises  4.18.0-513.5.1.el8_9,17.5.7.161,,4/12/2024
MOAA -70766,MOAA-4554,Linux Red Hat Enterprises  4.18.0-513.5.1.el8_9,165.254.0.0.65,,4/12/2024
MOAA -71646,MOAA-4624,Linux Red Hat Enterprises  4.18.0-513.5.1.el8_9,10.0.0.86,,4/12/2024
MOAA -72319,MOAA-4374,Linux Red Hat Enterprises  4.18.0-513.5.1.el8_9,17.5.7.65,,4/12/2024
MOAA -73348,MOAA-4933,Linux Red Hat Enterprises  4.18.0-513.5.1.el8_9,203.0.113.168,,4/12/2024
MOAA -74038,MOAA-5381,Linux Red Hat Enterprises  4.18.0-513.5.1.el8_9,203.0.113.83,,4/12/2024
MOAA -74387,MOAA-5316,Linux Red Hat Enterprises  4.18.0-513.5.1.el8_9,17.5.7.21,,4/12/2024
MOAA -75124,MOAA-5225,Linux Red Hat Enterprises  4.18.0-513.5.1.el8_9,17.5.7.19,,4/12/2024
MOAA -75605,MOAA-4374,Linux Red Hat Enterprises  4.18.0-513.5.1.el8_9,203.0.113.157,,4/12/2024
MOAA -75653,MOAA-4844,Linux Red Hat Enterprises  4.18.0-513.5.1.el8_9,203.0.113.72,,4/12/2024
MOAA -76644,MOAA-4933,Linux Red Hat Enterprises  4.18.0-513.5.1.el8_9,17.5.7.13,,4/12/2024
MOAA -77206,MOAA-5251,Linux Red Hat Enterprises  4.18.0-513.5.1.el8_9,17.5.7.114,,4/12/2024
MOAA -79899,MOAA-4709,Linux Red Hat Enterprises  4.18.0-513.5.1.el8_9,203.0.113.6,,4/12/2024
MOAA -7992,MOAA-5087,Linux Red Hat Enterprises  4.18.0-513.5.1.el8_9,203.0.113.77,,4/12/2024
MOAA -91061,MOAA-4554,Linux Red Hat Enterprises  4.18.0-513.5.1.el8_9,17.5.7.162,,4/12/2024
MOAA -92340,MOAA-5316,Linux Red Hat Enterprises  4.18.0-513.5.1.el8_9,165.254.0.0.24,,4/12/2024
MOAA -92694,MOAA-5225,Linux Red Hat Enterprises  4.18.0-513.5.1.el8_9,203.0.113.111,,4/12/2024
MOAA -92754,MOAA-4624,Linux Red Hat Enterprises  4.18.0-513.5.1.el8_9,165.254.0.0.20,,4/12/2024
MOAA -96446,MOAA-4374,Linux Red Hat Enterprises  4.18.0-513.5.1.el8_9,203.0.113.94,,4/12/2024
MOAA -96650,MOAA-4486,Linux Red Hat Enterprises  4.18.0-513.5.1.el8_9,203.0.113.190,,4/12/2024
OODM -15710,OODM-1262,Linux Red Hat Enterprises  4.18.0-513.5.1.el8_9,203.0.113.84,,4/12/2024
OODM -55414,OODM-1262,Linux Red Hat Enterprises  4.18.0-513.5.1.el8_9,17.5.7.117,,4/12/2024
OODM -72639,OODM-1262,Linux Red Hat Enterprises  4.18.0-513.5.1.el8_9,203.0.113.115,,4/12/2024
OODM -80197,OODM-1262,Linux Red Hat Enterprises  4.18.0-513.5.1.el8_9,17.5.7.23,,4/12/2024
RAB-1709,RAB-1761,Linux Red Hat Enterprises  4.18.0-513.5.1.el8_9,17.5.7.118,,4/12/2024
RAB-26942,RAB-1792,Linux Red Hat Enterprises  4.18.0-513.5.1.el8_9,17.5.7.25,,4/12/2024
RAB-27506,RAB-1761,Linux Red Hat Enterprises  4.18.0-513.5.1.el8_9,165.254.0.0.71,,4/12/2024
RAB-50767,RAB-1792,Linux Red Hat Enterprises  4.18.0-513.5.1.el8_9,17.5.7.119,,4/12/2024
RAB-53143,RAB-1761,Linux Red Hat Enterprises  4.18.0-513.5.1.el8_9,203.0.113.179,,4/12/2024
RAB-59113,RAB-1792,Linux Red Hat Enterprises  4.18.0-513.5.1.el8_9,165.254.0.0.44,,4/12/2024
RAB-59375,RAB-1761,Linux Red Hat Enterprises  4.18.0-513.5.1.el8_9,17.5.7.24,,4/12/2024
RAB-82192,RAB-1792,Linux Red Hat Enterprises  4.18.0-513.5.1.el8_9,165.254.0.0.72,,4/12/2024
RAB-89083,RAB-1761,Linux Red Hat Enterprises  4.18.0-513.5.1.el8_9,165.254.0.0.43,,4/12/2024
RSI-33326,RSI-2277,Linux Red Hat Enterprises  4.18.0-513.5.1.el8_9,17.5.7.27,,4/12/2024
RSI-35974,RSI-2184,Linux Red Hat Enterprises  4.18.0-513.5.1.el8_9,17.5.7.26,,4/12/2024
RSI-4508,RSI-2184,Linux Red Hat Enterprises  4.18.0-513.5.1.el8_9,17.5.7.120,,4/12/2024
RSI-56502,RSI-2277,Linux Red Hat Enterprises  4.18.0-513.5.1.el8_9,203.0.113.88,,4/12/2024
RSI-69271,RSI-2277,Linux Red Hat Enterprises  4.18.0-513.5.1.el8_9,165.254.0.0.60,,4/12/2024
RSI-8881,RSI-2277,Linux Red Hat Enterprises  4.18.0-513.5.1.el8_9,17.5.7.121,,4/12/2024
AFPE -10997,AFPE-1081,macOS  13.0 Ventura,203.0.113.1,local,4/12/2024
AFPE -53882,AFPE-1081,macOS  13.0 Ventura,203.0.113.28,,4/12/2024
AFPE -73851,AFPE-1153,macOS  13.0 Ventura,203.0.113.29,,4/12/2024
BOAP -58797,BOAP-1378,macOS  13.0 Ventura,165.254.0.0.53,CN=Computers,4/12/2024
BORC -43051,BORC-1528,macOS  13.0 Ventura,165.254.0.0.70,,4/12/2024
BORC -55527,BORC-1528,macOS  13.0 Ventura,187.50.0.0,,4/12/2024
BORC -61211,BORC-1409,macOS  13.0 Ventura,165.254.0.0.54,Workstation,4/12/2024
BORC -72087,BORC-1460,macOS  13.0 Ventura,165.254.0.0.69,Workstation,4/12/2024
CCA-65946,CCA-1824,macOS  13.0 Ventura,203.0.113.35,,4/12/2024
CCA-86628,CCA-1824,macOS  13.0 Ventura,172.28.200.209,,4/12/2024
CCA-96037,CCA-1824,macOS  13.0 Ventura,203.0.113.129,,4/12/2024
CFRH -21923,CFRH-9677,macOS  13.0 Ventura,17.5.7.136,,4/12/2024
CFRH -22313,CFRH-9677,macOS  13.0 Ventura,17.5.7.42,,4/12/2024
CFRH -24207,CFRH-9677,macOS  13.0 Ventura,172.31.255.254,,4/12/2024
CFRH -314,CFRH-9751,macOS  13.0 Ventura,17.5.7.137,,4/12/2024
CFRH -33642,CFRH-1580,macOS  13.0 Ventura,203.0.113.133,,4/12/2024
CFRH -41096,CFRH-1366,macOS  13.0 Ventura,203.0.113.36,,4/12/2024
CFRH -43323,CFRH-1580,macOS  13.0 Ventura,17.5.7.41,,4/12/2024
CFRH -48598,CFRH-1546,macOS  13.0 Ventura,203.0.113.132,,4/12/2024
CFRH -5798,CFRH-9909,macOS  13.0 Ventura,17.5.7.139,,4/12/2024
CFRH -73354,CFRH-9909,macOS  13.0 Ventura,172.16.0.0,,4/12/2024
CFRH -82805,CFRH-9768,macOS  13.0 Ventura,17.5.7.138,,4/12/2024
CFRH -86704,CFRH-1580,macOS  13.0 Ventura,172.16.0.0,,4/12/2024
CFRH -88211,CFRH-9984,macOS  13.0 Ventura,17.5.7.140,,4/12/2024
CFRH -91241,CFRH-1465,macOS  13.0 Ventura,17.5.7.39,,4/12/2024
CFRH -95094,CFRH-1546,macOS  13.0 Ventura,17.5.7.40,,4/12/2024
CFRH -96133,CFRH-1580,macOS  13.0 Ventura,203.0.113.39,,4/12/2024
CFSP -12843,CFSP-4457,macOS  13.0 Ventura,17.5.7.141,,4/12/2024
CFSP -59642,CFSP-4514,macOS  13.0 Ventura,17.5.7.142,,4/12/2024
CFSP -62208,CFSP-4514,macOS  13.0 Ventura,203.0.113.140,,4/12/2024
CFSP -69354,CFSP-4537,macOS  13.0 Ventura,17.5.7.143,,4/12/2024
CFSP -71891,CFSP-4514,macOS  13.0 Ventura,203.0.113.46,,4/12/2024
CFSP -78260,CFSP-4537,macOS  13.0 Ventura,203.0.113.47,,4/12/2024
DOCE -10272,DOCE-2160,macOS  13.0 Ventura,17.5.7.145,,4/12/2024
DOCE -16029,DOCE-2202,macOS  13.0 Ventura,203.0.113.50,,4/12/2024
DOCE -24656,DOCE-2154,macOS  13.0 Ventura,17.5.7.144,,4/12/2024
DOCE -59174,DOCE-2202,macOS  13.0 Ventura,203.0.113.144,,4/12/2024
DOCE -71181,DOCE-2160,macOS  13.0 Ventura,203.0.113.143,,4/12/2024
DOSR -3150,DOSR-3310,macOS  13.0 Ventura,17.5.7.56,,4/12/2024
DOSR -49205,DOSR-3416,macOS  13.0 Ventura,17.5.7.58,,4/12/2024
DOSR -4936,DOSR-3178,macOS  13.0 Ventura,10.0.0.8,,4/12/2024
DOSR -88585,DOSR-3368,macOS  13.0 Ventura,17.5.7.57,,4/12/2024
DOSR -90232,DOSR-3416,macOS  13.0 Ventura,10.0.0.75,,4/12/2024
IOPS -30907,IOPS-7372,macOS  13.0 Ventura,10.0.0.77,,4/12/2024
IOPS -34351,IOPS-7447,macOS  13.0 Ventura,165.254.0.0.33,,4/12/2024
IOPS -42269,IOPS-7447,macOS  13.0 Ventura,10.0.0.78,,4/12/2024
IOPS -81084,IOPS-7372,macOS  13.0 Ventura,203.0.113.58,,4/12/2024
IOPS -83246,IOPS-7295,macOS  13.0 Ventura,203.0.113.57,,4/12/2024
IOPS -96252,IOPS-7295,macOS  13.0 Ventura,17.5.7.59,,4/12/2024
IOPS -97068,IOPS-7295,macOS  13.0 Ventura,10.0.0.76,Workstation,4/12/2024
MOAA -15405,MOAA-4486,macOS  13.0 Ventura,10.0.0.84,Workstation,4/12/2024
MOAA -16616,MOAA-5251,macOS  13.0 Ventura,203.0.113.112,,4/12/2024
MOAA -17445,MOAA-5087,macOS  13.0 Ventura,17.5.7.16,,4/12/2024
MOAA -19001,MOAA-4933,macOS  13.0 Ventura,203.0.113.11,,4/12/2024
MOAA -2037,MOAA-4554,macOS  13.0 Ventura,203.0.113.191,,4/12/2024
MOAA -20769,MOAA-5057,macOS  13.0 Ventura,203.0.113.170,,4/12/2024
MOAA -23472,MOAA-4374,macOS  13.0 Ventura,10.0.0.82,Workstation,4/12/2024
MOAA -23790,MOAA-4201,macOS  13.0 Ventura,165.254.0.0.34,,4/12/2024
MOAA -23805,MOAA-4649,macOS  13.0 Ventura,165.254.0.0.21,,4/12/2024
MOAA -2594,MOAA-4486,macOS  13.0 Ventura,203.0.113.96,,4/12/2024
MOAA -27049,MOAA-4246,macOS  13.0 Ventura,203.0.113.92,,4/12/2024
MOAA -28014,MOAA-5251,macOS  13.0 Ventura,203.0.113.81,,4/12/2024
MOAA -28670,MOAA-5122,macOS  13.0 Ventura,203.0.113.109,,4/12/2024
MOAA -290,MOAA-4304,macOS  13.0 Ventura,10.0.0.81,Workstation,4/12/2024
MOAA -31108,MOAA-4554,macOS  13.0 Ventura,203.0.113.97,,4/12/2024
MOAA -32121,MOAA-4624,macOS  13.0 Ventura,203.0.113.192,,4/12/2024
MOAA -3232,MOAA-4304,macOS  13.0 Ventura,203.0.113.93,,4/12/2024
MOAA -32984,MOAA-4649,macOS  13.0 Ventura,203.0.113.5,,4/12/2024
MOAA -3477,MOAA-5005,macOS  13.0 Ventura,203.0.113.75,,4/12/2024
MOAA -37717,MOAA-4304,macOS  13.0 Ventura,17.5.7.158,,4/12/2024
MOAA -38049,MOAA-5316,macOS  13.0 Ventura,203.0.113.82,,4/12/2024
MOAA -38561,MOAA-4624,macOS  13.0 Ventura,165.254.0.0.41,,4/12/2024
MOAA -38632,MOAA-5225,macOS  13.0 Ventura,165.254.0.0.22,,4/12/2024
MOAA -38970,MOAA-4624,macOS  13.0 Ventura,203.0.113.4,,4/12/2024
MOAA -39956,MOAA-4415,macOS  13.0 Ventura,203.0.113.189,,4/12/2024
MOAA -40927,MOAA-4415,macOS  13.0 Ventura,203.0.113.158,,4/12/2024
MOAA -41786,MOAA-4415,macOS  13.0 Ventura,10.0.0.83,Workstation,4/12/2024
MOAA -42560,MOAA-4876,macOS  13.0 Ventura,203.0.113.167,,4/12/2024
MOAA -43255,MOAA-4201,macOS  13.0 Ventura,203.0.113.60,,4/12/2024
MOAA -50684,MOAA-4933,macOS  13.0 Ventura,203.0.113.74,,4/12/2024
MOAA -52894,MOAA-4246,macOS  13.0 Ventura,203.0.113.61,,4/12/2024
MOAA -56787,MOAA-5057,macOS  13.0 Ventura,203.0.113.13,,4/12/2024
MOAA -58233,MOAA-4246,macOS  13.0 Ventura,10.0.0.80,,4/12/2024
MOAA -59157,MOAA-5005,macOS  13.0 Ventura,17.5.7.14,,4/12/2024
MOAA -62187,MOAA-4415,macOS  13.0 Ventura,17.5.7.160,,4/12/2024
MOAA -63246,MOAA-4486,macOS  13.0 Ventura,165.254.0.0.18,,4/12/2024
MOAA -663,MOAA-4374,macOS  13.0 Ventura,17.5.7.159,,4/12/2024
MOAA -67168,MOAA-5087,macOS  13.0 Ventura,203.0.113.14,,4/12/2024
MOAA -69187,MOAA-4811,macOS  13.0 Ventura,203.0.113.71,,4/12/2024
MOAA -71898,MOAA-4374,macOS  13.0 Ventura,203.0.113.188,,4/12/2024
MOAA -75062,MOAA-4486,macOS  13.0 Ventura,203.0.113.159,,4/12/2024
MOAA -75977,MOAA-4844,macOS  13.0 Ventura,203.0.113.166,,4/12/2024
Xrtlma,MOAA-4729,macOS  13.0 Ventura,17.5.7.103,,4/12/2024
MOAA -79100,MOAA-5381,macOS  13.0 Ventura,203.0.113.177,,4/12/2024
MOAA -79985,MOAA-4201,macOS  13.0 Ventura,10.0.0.79,,4/12/2024
MOAA -81616,MOAA-4649,macOS  13.0 Ventura,165.254.0.0.42,,4/12/2024
MOAA -82958,MOAA-5316,macOS  13.0 Ventura,203.0.113.113,,4/12/2024
MOAA -84814,MOAA-4246,macOS  13.0 Ventura,203.0.113.155,,4/12/2024
MOAA -85744,MOAA-5225,macOS  13.0 Ventura,203.0.113.17,,4/12/2024
MOAA -89133,MOAA-4201,macOS  13.0 Ventura,203.0.113.154,,4/12/2024
MOAA -90806,MOAA-4729,macOS  13.0 Ventura,203.0.113.70,,4/12/2024
OODM -27379,OODM-1262,macOS  13.0 Ventura,203.0.113.178,,4/12/2024
OODM -75050,OODM-1262,macOS  13.0 Ventura,165.254.0.0.5,,4/12/2024
RAB-29380,RAB-1792,macOS  13.0 Ventura,203.0.113.86,,4/12/2024
RAB-51080,RAB-1792,macOS  13.0 Ventura,203.0.113.180,,4/12/2024
RAB-89206,RAB-1761,macOS  13.0 Ventura,203.0.113.85,,4/12/2024
RAB-91605,RAB-1761,macOS  13.0 Ventura,165.254.0.0.57,,4/12/2024
RAB-93697,RAB-1792,macOS  13.0 Ventura,165.254.0.0.58,,4/12/2024
RSI-17739,RSI-2184,macOS  13.0 Ventura,165.254.0.0.73,,4/12/2024
RSI-29691,RSI-2277,macOS  13.0 Ventura,203.0.113.25,,4/12/2024
RSI-40728,RSI-2277,macOS  13.0 Ventura,165.254.0.0.46,,4/12/2024
RSI-47317,RSI-2184,macOS  13.0 Ventura,165.254.0.0.29,,4/12/2024
RSI-70399,RSI-2277,macOS  13.0 Ventura,165.254.0.0.74,,4/12/2024
RSI-73352,RSI-2184,macOS  13.0 Ventura,203.0.113.24,,4/12/2024
RSI-86736,RSI-2184,macOS  13.0 Ventura,203.0.113.181,,4/12/2024
RSI-868,RSI-2184,macOS  13.0 Ventura,165.254.0.0.45,,4/12/2024
RSI-95804,RSI-2277,macOS  13.0 Ventura,165.254.0.0.30,,4/12/2024
AFPE -28065,AFPE-1019,Win2019  10.0.17763 (1809),203.0.113.120,,4/12/2024
AFPE -3129,AFPE-1153,Win2019  10.0.17763 (1809),165.254.0.0.50,,4/12/2024
AFPE -51152,AFPE-1153,Win2019  10.0.17763 (1809),17.5.7.8,Domain Controllers,4/12/2024
AFPE -56399,AFPE-1034,Win2019  10.0.17763 (1809),165.254.0.0.62,Domain Controllers,4/12/2024
AFPE -72588,AFPE-1019,Win2019  10.0.17763 (1809),172.28.200.209,Domain Controllers,4/12/2024
AFPE -73379,AFPE-1019,Win2019  10.0.17763 (1809),165.254.0.0.75,Domain Controllers,4/12/2024
AFPE -73849,AFPE-1081,Win2019  10.0.17763 (1809),165.254.0.0.49,Domain Controllers,4/12/2024
AFPE -93418,AFPE-1019,Win2019  10.0.17763 (1809),165.254.0.0.61,Domain Controllers,4/12/2024
AFPE -97649,AFPE-1019,Win2019  10.0.17763 (1809),165.254.0.0.47,Domain Controllers,4/12/2024
BOAP -2109,BOAP-1378,Win2019  10.0.17763 (1809),203.0.113.31,Domain Controllers,4/12/2024
BOAP -40392,BOAP-1378,Win2019  10.0.17763 (1809),165.254.0.0.67,Domain Controllers,4/12/2024
BOAP -67363,BOAP-1308,Win2019  10.0.17763 (1809),165.254.0.0.52,Domain Controllers,4/12/2024
BOAP -84581,BOAP-1378,Win2019  10.0.17763 (1809),172.28.200.209,Domain Controllers,4/12/2024
BORC -14481,BORC-1409,Win2019  10.0.17763 (1809),203.0.113.32,Domain Controllers,4/12/2024
BORC -28674,BORC-1409,Win2019  10.0.17763 (1809),165.254.0.0.68,Domain Controllers,4/12/2024
BORC -47519,BORC-1460,Win2019  10.0.17763 (1809),17.5.7.8,Domain Controllers,4/12/2024
BORC -48404,BORC-1460,Win2019  10.0.17763 (1809),203.0.113.33,Domain Controllers,4/12/2024
BORC -62199,BORC-1460,Win2019  10.0.17763 (1809),203.0.113.127,Domain Controllers,4/12/2024
BORC -67123,BORC-1528,Win2019  10.0.17763 (1809),203.0.113.128,Domain Controllers,4/12/2024
BORC -72044,BORC-1528,Win2019  10.0.17763 (1809),203.0.113.34,Domain Controllers,4/12/2024
CFRH -14786,CFRH-9768,Win2019  10.0.17763 (1809),203.0.113.42,Domain Controllers,4/12/2024
CFRH -17968,CFRH-9984,Win2019  10.0.17763 (1809),17.5.7.46,Domain Controllers,4/12/2024
CFRH -24789,CFRH-9984,Win2019  10.0.17763 (1809),203.0.113.138,Domain Controllers,4/12/2024
CFRH -26442,CFRH-9768,Win2019  10.0.17763 (1809),203.0.113.136,Domain Controllers,4/12/2024
CFRH -40381,CFRH-9677,Win2019  10.0.17763 (1809),203.0.113.134,Domain Controllers,4/12/2024
CFRH -46137,CFRH-9909,Win2019  10.0.17763 (1809),17.5.7.45,Domain Controllers,4/12/2024
CFRH -6863,CFRH-9909,Win2019  10.0.17763 (1809),203.0.113.137,Domain Controllers,4/12/2024
CFRH -75862,CFRH-9909,Win2019  10.0.17763 (1809),203.0.113.43,Domain Controllers,4/12/2024
CFRH -76294,CFRH-9677,Win2019  10.0.17763 (1809),203.0.113.40,Domain Controllers,4/12/2024
CFRH -9124,CFRH-9984,Win2019  10.0.17763 (1809),203.0.113.44,Domain Controllers,4/12/2024
CFSP -46617,CFSP-4537,Win2019  10.0.17763 (1809),17.5.7.49,Domain Controllers,4/12/2024
CFSP -89421,CFSP-4457,Win2019  10.0.17763 (1809),17.5.7.47,Domain Controllers,4/12/2024
CFSP -91095,CFSP-4457,Win2019  10.0.17763 (1809),203.0.113.139,Domain Controllers,4/12/2024
CFSP -9482,CFSP-4457,Win2019  10.0.17763 (1809),203.0.113.45,Domain Controllers,4/12/2024
DOCE -10287,DOCE-2160,Win2019  10.0.17763 (1809),17.5.7.51,Domain Controllers,4/12/2024
DOCE -10540,DOCE-2202,Win2019  10.0.17763 (1809),17.5.7.52,Domain Controllers,4/12/2024
DOCE -1595,DOCE-2154,Win2019  10.0.17763 (1809),17.5.7.50,Domain Controllers,4/12/2024
DOSR -1128,DOSR-3178,Win2019  10.0.17763 (1809),17.5.7.54,Domain Controllers,4/12/2024
DOSR -13478,DOSR-3310,Win2019  10.0.17763 (1809),203.0.113.148,Domain Controllers,4/12/2024
DOSR -24923,DOSR-3416,Win2019  10.0.17763 (1809),203.0.113.56,Domain Controllers,4/12/2024
DOSR -3011,DOSR-3416,Win2019  10.0.17763 (1809),203.0.113.150,Domain Controllers,4/12/2024
DOSR -3176,DOSR-3233,Win2019  10.0.17763 (1809),17.5.7.55,Domain Controllers,4/12/2024
DOSR -33994,DOSR-3416,Win2019  10.0.17763 (1809),17.5.7.152,Domain Controllers,4/12/2024
DOSR -38581,DOSR-3233,Win2019  10.0.17763 (1809),17.5.7.149,Domain Controllers,4/12/2024
DOSR -42594,DOSR-3178,Win2019  10.0.17763 (1809),17.5.7.148,Domain Controllers,4/12/2024
DOSR -48480,DOSR-3045,Win2019  10.0.17763 (1809),203.0.113.51,Domain Controllers,4/12/2024
DOSR -54347,DOSR-3368,Win2019  10.0.17763 (1809),203.0.113.55,Domain Controllers,4/12/2024
DOSR -65301,DOSR-3233,Win2019  10.0.17763 (1809),203.0.113.53,Domain Controllers,4/12/2024
DOSR -76117,DOSR-3233,Win2019  10.0.17763 (1809),203.0.113.147,Domain Controllers,4/12/2024
DOSR -79809,DOSR-3045,Win2019  10.0.17763 (1809),203.0.113.145,Domain Controllers,4/12/2024
DOSR -8147,DOSR-3045,Win2019  10.0.17763 (1809),17.5.7.53,Domain Controllers,4/12/2024
DOSR -82513,DOSR-3310,Win2019  10.0.17763 (1809),203.0.113.54,Domain Controllers,4/12/2024
DOSR -9039,DOSR-3368,Win2019  10.0.17763 (1809),17.5.7.151,Domain Controllers,4/12/2024
DOSR -93482,DOSR-3368,Win2019  10.0.17763 (1809),203.0.113.149,Domain Controllers,4/12/2024
IOPS -12101,IOPS-7447,Win2019  10.0.17763 (1809),17.5.7.92,Domain Controllers,4/12/2024
IOPS -16399,IOPS-7372,Win2019  10.0.17763 (1809),203.0.113.152,Domain Controllers,4/12/2024
IOPS -27927,IOPS-7372,Win2019  10.0.17763 (1809),17.5.7.154,Domain Controllers,4/12/2024
IOPS -29885,IOPS-7447,Win2019  10.0.17763 (1809),203.0.113.184,Domain Controllers,4/12/2024
IOPS -34535,IOPS-7447,Win2019  10.0.17763 (1809),203.0.113.90,Domain Controllers,4/12/2024
IOPS -53212,IOPS-7447,Win2019  10.0.17763 (1809),17.5.7.155,Domain Controllers,4/12/2024
IOPS -6537,IOPS-7295,Win2019  10.0.17763 (1809),203.0.113.151,Domain Controllers,4/12/2024
IOPS -7820,IOPS-7372,Win2019  10.0.17763 (1809),17.5.7.91,Domain Controllers,4/12/2024
IOPS -8179,IOPS-7447,Win2019  10.0.17763 (1809),203.0.113.153,Domain Controllers,4/12/2024
IOPS -8226,IOPS-7372,Win2019  10.0.17763 (1809),203.0.113.89,Domain Controllers,4/12/2024
IOPS -82720,IOPS-7295,Win2019  10.0.17763 (1809),17.5.7.153,Domain Controllers,4/12/2024
MOAA -11089,MOAA-4554,Win2019  10.0.17763 (1809),203.0.113.3,Domain Controllers,4/12/2024
MOAA -11206,MOAA-4844,Win2019  10.0.17763 (1809),17.5.7.74,Domain Controllers,4/12/2024
MOAA -11958,MOAA-5153,Win2019  10.0.17763 (1809),203.0.113.16,Domain Controllers,4/12/2024
MOAA -12095,MOAA-5225,Win2019  10.0.17763 (1809),165.254.0.0.1,Domain Controllers,4/12/2024
MOAA -12143,MOAA-4649,Win2019  10.0.17763 (1809),10.0.0.87,Domain Controllers,4/12/2024
MOAA -12812,MOAA-5087,Win2019  10.0.17763 (1809),203.0.113.171,Domain Controllers,4/12/2024
MOAA -14000,MOAA-4729,Win2019  10.0.17763 (1809),203.0.113.7,Domain Controllers,4/12/2024
MOAA -15249,MOAA-4729,Win2019  10.0.17763 (1809),10.0.0.89,Domain Controllers,4/12/2024
MOAA -15396,MOAA-5057,Win2019  10.0.17763 (1809),203.0.113.107,Domain Controllers,4/12/2024
MOAA -16022,MOAA-4933,Win2019  10.0.17763 (1809),17.5.7.170,Domain Controllers,4/12/2024
MOAA -16824,MOAA-4811,Win2019  10.0.17763 (1809),203.0.113.165,Domain Controllers,4/12/2024
MOAA -17287,MOAA-4246,Win2019  10.0.17763 (1809),165.254.0.0.35,Domain Controllers,4/12/2024
MOAA -1773,MOAA-4709,Win2019  10.0.17763 (1809),17.5.7.165,Domain Controllers,4/12/2024
MOAA -20611,MOAA-5057,Win2019  10.0.17763 (1809),203.0.113.76,Domain Controllers,4/12/2024
MOAA -21383,MOAA-5381,Win2019  10.0.17763 (1809),165.254.0.0.25,Domain Controllers,4/12/2024
MOAA -22634,MOAA-4415,Win2019  10.0.17763 (1809),17.5.7.97,Domain Controllers,4/12/2024
MOAA -2355,MOAA-4649,Win2019  10.0.17763 (1809),17.5.7.164,Domain Controllers,4/12/2024
MOAA -23646,MOAA-4374,Win2019  10.0.17763 (1809),165.254.0.0.37,Domain Controllers,4/12/2024
MOAA -23736,MOAA-4729,Win2019  10.0.17763 (1809),203.0.113.164,Domain Controllers,4/12/2024
MOAA -23940,MOAA-4709,Win2019  10.0.17763 (1809),203.0.113.163,Domain Controllers,4/12/2024
MOAA -26573,MOAA-4624,Win2019  10.0.17763 (1809),203.0.113.98,Domain Controllers,4/12/2024
MOAA -26605,MOAA-4624,Win2019  10.0.17763 (1809),203.0.113.161,Domain Controllers,4/12/2024
MOAA -28121,MOAA-5316,Win2019  10.0.17763 (1809),17.5.7.84,Domain Controllers,4/12/2024
MOAA -3022,MOAA-5153,Win2019  10.0.17763 (1809),203.0.113.173,Domain Controllers,4/12/2024
MOAA -31386,MOAA-5316,Win2019  10.0.17763 (1809),203.0.113.176,Domain Controllers,4/12/2024
MOAA -31482,MOAA-4649,Win2019  10.0.17763 (1809),17.5.7.70,Domain Controllers,4/12/2024
MOAA -32124,MOAA-4933,Win2019  10.0.17763 (1809),17.5.7.76,Domain Controllers,4/12/2024
MOAA -33178,MOAA-4554,Win2019  10.0.17763 (1809),17.5.7.99,Domain Controllers,4/12/2024
MOAA -3356,MOAA-4811,Win2019  10.0.17763 (1809),10.0.0.90,Domain Controllers,4/12/2024
MOAA -338,MOAA-4844,Win2019  10.0.17763 (1809),203.0.113.9,Domain Controllers,4/12/2024
MOAA -33885,MOAA-4729,Win2019  10.0.17763 (1809),203.0.113.101,Domain Controllers,4/12/2024
MOAA -34138,MOAA-5005,Win2019  10.0.17763 (1809),17.5.7.77,Domain Controllers,4/12/2024
MOAA -37312,MOAA-5225,Win2019  10.0.17763 (1809),17.5.7.82,Domain Controllers,4/12/2024
MOAA -37882,MOAA-5251,Win2019  10.0.17763 (1809),165.254.0.0.2,Domain Controllers,4/12/2024
MOAA -40761,MOAA-4201,Win2019  10.0.17763 (1809),17.5.7.156,Domain Controllers,4/12/2024
MOAA -40834,MOAA-4729,Win2019  10.0.17763 (1809),17.5.7.72,Domain Controllers,4/12/2024
MOAA -41146,MOAA-4415,Win2019  10.0.17763 (1809),17.5.7.66,Domain Controllers,4/12/2024
MOAA -42718,MOAA-5122,Win2019  10.0.17763 (1809),17.5.7.17,Domain Controllers,4/12/2024
MOAA -42724,MOAA-4729,Win2019  10.0.17763 (1809),17.5.7.9,Domain Controllers,4/12/2024
MOAA -42804,MOAA-5122,Win2019  10.0.17763 (1809),203.0.113.15,Domain Controllers,4/12/2024
MOAA -44547,MOAA-5057,Win2019  10.0.17763 (1809),17.5.7.15,Domain Controllers,4/12/2024
MOAA -44604,MOAA-4201,Win2019  10.0.17763 (1809),203.0.113.185,Domain Controllers,4/12/2024
MOAA -44893,MOAA-4811,Win2019  10.0.17763 (1809),17.5.7.167,Domain Controllers,4/12/2024
MOAA -44922,MOAA-4709,Win2019  10.0.17763 (1809),203.0.113.69,Domain Controllers,4/12/2024
MOAA -46303,MOAA-5087,Win2019  10.0.17763 (1809),17.5.7.79,Domain Controllers,4/12/2024
MOAA -47423,MOAA-4933,Win2019  10.0.17763 (1809),10.0.0.93,Domain Controllers,4/12/2024
MOAA -47777,MOAA-4201,Win2019  10.0.17763 (1809),17.5.7.62,Domain Controllers,4/12/2024
MOAA -48466,MOAA-4709,Win2019  10.0.17763 (1809),203.0.113.100,Domain Controllers,4/12/2024
MOAA -48746,MOAA-4415,Win2019  10.0.17763 (1809),203.0.113.64,Domain Controllers,4/12/2024
MOAA -49560,MOAA-4933,Win2019  10.0.17763 (1809),203.0.113.105,Domain Controllers,4/12/2024
MOAA -50459,MOAA-5122,Win2019  10.0.17763 (1809),17.5.7.80,Domain Controllers,4/12/2024
MOAA -50637,MOAA-4844,Win2019  10.0.17763 (1809),203.0.113.103,Domain Controllers,4/12/2024
MOAA -51017,MOAA-4811,Win2019  10.0.17763 (1809),203.0.113.8,Domain Controllers,4/12/2024
MOAA -52190,MOAA-5057,Win2019  10.0.17763 (1809),17.5.7.78,Domain Controllers,4/12/2024
MOAA -53045,MOAA-4876,Win2019  10.0.17763 (1809),17.5.7.169,Domain Controllers,4/12/2024
MOAA -53048,MOAA-4709,Win2019  10.0.17763 (1809),17.5.7.71,Domain Controllers,4/12/2024
MOAA -54418,MOAA-4486,Win2019  10.0.17763 (1809),165.254.0.0.39,Domain Controllers,4/12/2024
MOAA -55035,MOAA-5381,Win2019  10.0.17763 (1809),203.0.113.20,Domain Controllers,4/12/2024
MOAA -5582,MOAA-4844,Win2019  10.0.17763 (1809),17.5.7.168,Domain Controllers,4/12/2024
MOAA -56982,MOAA-4304,Win2019  10.0.17763 (1809),203.0.113.187,Domain Controllers,4/12/2024
MOAA -57413,MOAA-4709,Win2019  10.0.17763 (1809),10.0.0.88,Domain Controllers,4/12/2024
MOAA -59433,MOAA-4246,Win2019  10.0.17763 (1809),203.0.113.186,Domain Controllers,4/12/2024
MOAA -62277,MOAA-5251,Win2019  10.0.17763 (1809),165.254.0.0.23,Domain Controllers,4/12/2024
MOAA -62380,MOAA-5381,Win2019  10.0.17763 (1809),203.0.113.114,Domain Controllers,4/12/2024
MOAA -62397,MOAA-4811,Win2019  10.0.17763 (1809),17.5.7.73,Domain Controllers,4/12/2024
MOAA -65578,MOAA-4554,Win2019  10.0.17763 (1809),17.5.7.68,Domain Controllers,4/12/2024
MOAA -65886,MOAA-4876,Win2019  10.0.17763 (1809),17.5.7.75,Domain Controllers,4/12/2024
MOAA -66441,MOAA-5251,Win2019  10.0.17763 (1809),17.5.7.83,Domain Controllers,4/12/2024
MOAA -66463,MOAA-4486,Win2019  10.0.17763 (1809),17.5.7.67,Domain Controllers,4/12/2024
MOAA -66527,MOAA-5251,Win2019  10.0.17763 (1809),203.0.113.175,Domain Controllers,4/12/2024
MOAA -66614,MOAA-5153,Win2019  10.0.17763 (1809),203.0.113.79,Domain Controllers,4/12/2024
MOAA -6714,MOAA-5057,Win2019  10.0.17763 (1809),17.5.7.172,Domain Controllers,4/12/2024
MOAA -67281,MOAA-5381,Win2019  10.0.17763 (1809),17.5.7.85,Domain Controllers,4/12/2024
MOAA -67310,MOAA-4649,Win2019  10.0.17763 (1809),203.0.113.193,Domain Controllers,4/12/2024
MOAA -67321,MOAA-4709,Win2019  10.0.17763 (1809),17.5.7.102,,4/12/2024
MOAA -67977,MOAA-4876,Win2019  10.0.17763 (1809),10.0.0.92,Domain Controllers,4/12/2024
MOAA -68351,MOAA-5005,Win2019  10.0.17763 (1809),203.0.113.12,Domain Controllers,4/12/2024
MOAA -71510,MOAA-4246,Win2019  10.0.17763 (1809),17.5.7.157,Domain Controllers,4/12/2024
MOAA -71688,MOAA-4374,Win2019  10.0.17763 (1809),17.5.7.96,Domain Controllers,4/12/2024
MOAA -71726,MOAA-5153,Win2019  10.0.17763 (1809),17.5.7.81,Domain Controllers,4/12/2024
MOAA -72102,MOAA-5005,Win2019  10.0.17763 (1809),17.5.7.171,Domain Controllers,4/12/2024
MOAA -75379,MOAA-4201,Win2019  10.0.17763 (1809),203.0.113.91,Domain Controllers,4/12/2024
MOAA -75706,MOAA-4649,Win2019  10.0.17763 (1809),203.0.113.162,Domain Controllers,4/12/2024
MOAA -76596,MOAA-5225,Win2019  10.0.17763 (1809),203.0.113.174,Domain Controllers,4/12/2024
MOAA -77313,MOAA-4246,Win2019  10.0.17763 (1809),17.5.7.94,Domain Controllers,4/12/2024
MOAA -77565,MOAA-4415,Win2019  10.0.17763 (1809),165.254.0.0.38,Domain Controllers,4/12/2024
MOAA -77699,MOAA-4554,Win2019  10.0.17763 (1809),165.254.0.0.51,Domain Controllers,4/12/2024
MOAA -79875,MOAA-4304,Win2019  10.0.17763 (1809),203.0.113.62,Domain Controllers,4/12/2024
MOAA -80622,MOAA-4304,Win2019  10.0.17763 (1809),17.5.7.95,Domain Controllers,4/12/2024
MOAA -81061,MOAA-4486,Win2019  10.0.17763 (1809),203.0.113.65,Domain Controllers,4/12/2024
MOAA -81140,MOAA-4415,Win2019  10.0.17763 (1809),203.0.113.1,Domain Controllers,4/12/2024
MOAA -816,MOAA-5381,Win2019  10.0.17763 (1809),165.254.0.0.4,Domain Controllers,4/12/2024
MOAA -81633,MOAA-5225,Win2019  10.0.17763 (1809),203.0.113.80,Domain Controllers,4/12/2024
MOAA -81850,MOAA-4876,Win2019  10.0.17763 (1809),203.0.113.104,Domain Controllers,4/12/2024
MOAA -82601,MOAA-4709,Win2019  10.0.17763 (1809),17.5.7.8,Domain Controllers,4/12/2024
MOAA -82912,MOAA-4624,Win2019  10.0.17763 (1809),17.5.7.69,Domain Controllers,4/12/2024
MOAA -84763,MOAA-5087,Win2019  10.0.17763 (1809),10.0.0.96,Domain Controllers,4/12/2024
MOAA -85093,MOAA-4554,Win2019  10.0.17763 (1809),165.254.0.0.40,Domain Controllers,4/12/2024
MOAA -85218,MOAA-5005,Win2019  10.0.17763 (1809),203.0.113.106,Domain Controllers,4/12/2024
MOAA -85968,MOAA-5316,Win2019  10.0.17763 (1809),165.254.0.0.3,Domain Controllers,4/12/2024
MOAA -86245,MOAA-5057,Win2019  10.0.17763 (1809),10.0.0.95,Domain Controllers,4/12/2024
MOAA -87402,MOAA-5087,Win2019  10.0.17763 (1809),203.0.113.108,Domain Controllers,4/12/2024
MOAA -87773,MOAA-4624,Win2019  10.0.17763 (1809),17.5.7.163,Domain Controllers,4/12/2024
MOAA -89208,MOAA-4486,Win2019  10.0.17763 (1809),17.5.7.98,Domain Controllers,4/12/2024
MOAA -8984,MOAA-4246,Win2019  10.0.17763 (1809),17.5.7.63,Domain Controllers,4/12/2024
MOAA -90881,MOAA-4304,Win2019  10.0.17763 (1809),17.5.7.64,Domain Controllers,4/12/2024
MOAA -92369,MOAA-4201,Win2019  10.0.17763 (1809),17.5.7.93,Domain Controllers,4/12/2024
MOAA -92723,MOAA-5005,Win2019  10.0.17763 (1809),10.0.0.94,Domain Controllers,4/12/2024
MOAA -94427,MOAA-4844,Win2019  10.0.17763 (1809),10.0.0.91,Domain Controllers,4/12/2024
MOAA -96496,MOAA-4811,Win2019  10.0.17763 (1809),203.0.113.102,Domain Controllers,4/12/2024
MOAA -99543,MOAA-5122,Win2019  10.0.17763 (1809),203.0.113.78,Domain Controllers,4/12/2024
OODM -53842,OODM-1262,Win2019  10.0.17763 (1809),17.5.7.86,Domain Controllers,4/12/2024
OODM -58841,OODM-1262,Win2019  10.0.17763 (1809),165.254.0.0.26,Domain Controllers,4/12/2024
OODM -673,OODM-1262,Win2019  10.0.17763 (1809),203.0.113.21,Domain Controllers,4/12/2024
RAB-37857,RAB-1761,Win2019  10.0.17763 (1809),165.254.0.0.27,Domain Controllers,4/12/2024
RAB-41821,RAB-1792,Win2019  10.0.17763 (1809),165.254.0.0.28,Domain Controllers,4/12/2024
RAB-46693,RAB-1792,Win2019  10.0.17763 (1809),203.0.113.23,Domain Controllers,4/12/2024
RAB-58990,RAB-1761,Win2019  10.0.17763 (1809),203.0.113.22,Domain Controllers,4/12/2024
RAB-84274,RAB-1761,Win2019  10.0.17763 (1809),17.5.7.87,Domain Controllers,4/12/2024
RAB-85635,RAB-1792,Win2019  10.0.17763 (1809),203.0.113.117,Domain Controllers,4/12/2024
RAB-9718,RAB-1792,Win2019  10.0.17763 (1809),17.5.7.88,Domain Controllers,4/12/2024
RAB-97740,RAB-1761,Win2019  10.0.17763 (1809),203.0.113.116,Domain Controllers,4/12/2024
RSI-16118,RSI-2277,Win2019  10.0.17763 (1809),17.5.7.90,Domain Controllers,4/12/2024
RSI-24626,RSI-2277,Win2019  10.0.17763 (1809),203.0.113.119,Domain Controllers,4/12/2024
RSI-43750,RSI-2184,Win2019  10.0.17763 (1809),203.0.113.118,Domain Controllers,4/12/2024
RSI-59839,RSI-2277,Win2019  10.0.17763 (1809),203.0.113.182,Domain Controllers,4/12/2024
RSI-64771,RSI-2184,Win2019  10.0.17763 (1809),203.0.113.87,Domain Controllers,4/12/2024
RSI-65410,RSI-2184,Win2019  10.0.17763 (1809),165.254.0.0.59,Domain Controllers,4/12/2024
RSI-99133,RSI-2184,Win2019  10.0.17763 (1809),17.5.7.89,Domain Controllers,4/12/2024
AFPE -56836,AFPE-1081,Windows 10 (1511) 10.0.10586,192.168.1.242,Computer,4/12/2024
AFPE -76072,AFPE-1019,Windows 10 (1511) 10.0.10586,10.0.0.171,Workstation,4/12/2024
BOAP -20152,BOAP-1378,Windows 10 (1511) 10.0.10586,10.0.0.50,Computer,4/12/2024
BORC -43178,BORC-1409,Windows 10 (1511) 10.0.10586,192.168.1.152,Computer,4/12/2024
BORC -52114,BORC-1460,Windows 10 (1511) 10.0.10586,10.0.0.115,Workstation,4/12/2024
BORC -71491,BORC-1409,Windows 10 (1511) 10.0.10586,192.168.1.58,Computer,4/12/2024
CCA-27762,CCA-1824,Windows 10 (1511) 10.0.10586,10.0.0.180,Workstation,4/12/2024
CFRH -16170,CFRH-9751,Windows 10 (1511) 10.0.10586,192.168.1.161,Computer,4/12/2024
CFRH -83717,CFRH-9909,Windows 10 (1511) 10.0.10586,10.0.0.62,Computer,4/12/2024
CFRH -84237,CFRH-1366,Windows 10 (1511) 10.0.10586,192.168.1.10,Workstation,4/12/2024
CFRH -91894,CFRH-1465,Windows 10 (1511) 10.0.10586,192.168.1.251,Computer,4/12/2024
CFSP -17167,CFSP-4457,Windows 10 (1511) 10.0.10586,10.0.0.127,Workstation,4/12/2024
CFSP -53537,CFSP-4537,Windows 10 (1511) 10.0.10586,10.0.0.192,Workstation,4/12/2024
CFSP -58049,CFSP-4457,Windows 10 (1511) 10.0.10586,192.168.1.71,Computer,4/12/2024
CFSP -8874,CFSP-4537,Windows 10 (1511) 10.0.10586,10.0.0.3,Computer,4/12/2024
DOSR -20031,DOSR-3368,Windows 10 (1511) 10.0.10586,10.0.0.74,New,4/12/2024
DOSR -27785,DOSR-3233,Windows 10 (1511) 10.0.10586,192.168.1.173,Computer,4/12/2024
DOSR -53011,DOSR-3368,Windows 10 (1511) 10.0.10586,192.168.1.81,Workstation,4/12/2024
IOPS -23377,IOPS-7372,Windows 10 (1511) 10.0.10586,10.0.0.203,Workstation,4/12/2024
IOPS -70160,IOPS-7295,Windows 10 (1511) 10.0.10586,10.0.0.139,Workstation,4/12/2024
MOAA -18909,MOAA-4201,Windows 10 (1511) 10.0.10586,10.0.0.16,Workstation,4/12/2024
MOAA -2729,MOAA-4933,Windows 10 (1511) 10.0.10586,192.168.1.194,Computer,4/12/2024
MOAA -33907,MOAA-4246,Windows 10 (1511) 10.0.10586,192.168.1.118,Workstation,4/12/2024
MOAA -45060,MOAA-5381,Windows 10 (1511) 10.0.10586,192.168.1.109,Workstation,4/12/2024
MOAA -45650,MOAA-4844,Windows 10 (1511) 10.0.10586,192.168.1.35,Computer,4/12/2024
MOAA -48055,MOAA-4624,Windows 10 (1511) 10.0.10586,10.0.0.212,Workstation,4/12/2024
MOAA -58387,MOAA-4649,Windows 10 (1511) 10.0.10586,192.168.1.219,Workstation,4/12/2024
MOAA -5861,MOAA-4554,Windows 10 (1511) 10.0.10586,10.0.0.148,Workstation,4/12/2024
MOAA -6429,MOAA-5381,Windows 10 (1511) 10.0.10586,192.168.1.140,Computer,4/12/2024
MOAA -66861,MOAA-5225,Windows 10 (1511) 10.0.10586,192.168.1.12,Computer,4/12/2024
MOAA -67195,MOAA-4649,Windows 10 (1511) 10.0.10586,192.168.1.94,Workstation,4/12/2024
MOAA -7221,MOAA-4844,Windows 10 (1511) 10.0.10586,192.168.1.129,Computer,4/12/2024
MOAA -78076,MOAA-4486,Windows 10 (1511) 10.0.10586,192.168.1.185,Computer,4/12/2024
MOAA -9502,MOAA-5153,Windows 10 (1511) 10.0.10586,192.168.1.230,Computer,4/12/2024
RAB-59692,RAB-1761,Windows 10 (1511) 10.0.10586,192.168.1.48,Computer,4/12/2024
RAB-95133,RAB-1761,Windows 10 (1511) 10.0.10586,10.0.0.41,Computer,4/12/2024
RSI-17602,RSI-2184,Windows 10 (1511) 10.0.10586,192.168.1.207,Workstation,4/12/2024
RSI-71863,RSI-2184,Windows 10 (1511) 10.0.10586,10.0.0.106,Workstation,4/12/2024
RSI-81075,RSI-2277,Windows 10 (1511) 10.0.10586,10.0.0.233,Computer,4/12/2024
AFPE -11395,AFPE-1034,Windows 10 (1607) 10.0.14393,192.168.1.241,Computer,4/12/2024
BOAP -21982,BOAP-1378,Windows 10 (1607) 10.0.14393,192.168.1.151,Computer,4/12/2024
BOAP -24035,BOAP-1378,Windows 10 (1607) 10.0.14393,192.168.1.57,Computer,4/12/2024
BORC -61262,BORC-1409,Windows 10 (1607) 10.0.14393,10.0.0.114,Workstation,4/12/2024
BORC -89284,BORC-1409,Windows 10 (1607) 10.0.14393,192.168.1.10,Workstation,4/12/2024
CFRH -15905,CFRH-9768,Windows 10 (1607) 10.0.14393,10.0.0.61,Computer,4/12/2024
CFRH -41040,CFRH-1366,Windows 10 (1607) 10.0.14393,192.168.1.250,Computer,4/12/2024
CFRH -42957,CFRH-9984,Windows 10 (1607) 10.0.14393,192.168.1.70,Computer,4/12/2024
CFRH -49360,CFRH-9984,Windows 10 (1607) 10.0.14393,10.0.0.126,Workstation,4/12/2024
CFRH -52786,CFRH-9677,Windows 10 (1607) 10.0.14393,192.168.1.160,Computer,4/12/2024
CFSP -19952,CFSP-4514,Windows 10 (1607) 10.0.14393,10.0.0.191,Workstation,4/12/2024
DOCE -4891,DOCE-2160,Windows 10 (1607) 10.0.14393,10.0.0.5,Computer,4/12/2024
DOSR -15912,DOSR-3310,Windows 10 (1607) 10.0.14393,10.0.0.73,New,4/12/2024
DOSR -66895,DOSR-3416,Windows 10 (1607) 10.0.14393,10.0.0.138,Workstation,4/12/2024
DOSR -69396,DOSR-3310,Windows 10 (1607) 10.0.14393,192.168.1.80,Workstation,4/12/2024
DOSR -80731,DOSR-3178,Windows 10 (1607) 10.0.14393,192.168.1.172,Computer,4/12/2024
IOPS -37118,IOPS-7295,Windows 10 (1607) 10.0.14393,10.0.0.202,Workstation,4/12/2024
MOAA -12466,MOAA-4811,Windows 10 (1607) 10.0.14393,192.168.1.34,Computer,4/12/2024
MOAA -13103,MOAA-4304,Windows 10 (1607) 10.0.14393,10.0.0.18,Workstation,4/12/2024
MOAA -14065,MOAA-4201,Windows 10 (1607) 10.0.14393,192.168.1.117,Workstation,4/12/2024
MOAA -1416,MOAA-4201,Windows 10 (1607) 10.0.14393,192.168.1.23,Computer,4/12/2024
MOAA -24331,MOAA-4876,Windows 10 (1607) 10.0.14393,192.168.1.193,Computer,4/12/2024
MOAA -25886,MOAA-4415,Windows 10 (1607) 10.0.14393,192.168.1.184,Computer,4/12/2024
MOAA -34391,MOAA-4624,Windows 10 (1607) 10.0.14393,192.168.1.93,Workstation,4/12/2024
MOAA -44382,MOAA-5087,Windows 10 (1607) 10.0.14393,10.0.0.159,Workstation,4/12/2024
MOAA -45528,MOAA-4486,Windows 10 (1607) 10.0.14393,10.0.0.147,Workstation,4/12/2024
MOAA -55472,MOAA-4624,Windows 10 (1607) 10.0.14393,192.168.1.218,Workstation,4/12/2024
MOAA -57101,MOAA-4811,Windows 10 (1607) 10.0.14393,192.168.1.128,Computer,4/12/2024
MOAA -57987,MOAA-4554,Windows 10 (1607) 10.0.14393,10.0.0.211,Workstation,4/12/2024
MOAA -59793,MOAA-4876,Windows 10 (1607) 10.0.14393,10.0.0.29,Computer,4/12/2024
MOAA -74473,MOAA-5316,Windows 10 (1607) 10.0.14393,192.168.1.108,Workstation,4/12/2024
MOAA -87303,MOAA-5316,Windows 10 (1607) 10.0.14393,192.168.1.14,Computer,4/12/2024
OODM -10155,OODM-1262,Windows 10 (1607) 10.0.14393,10.0.0.40,Computer,4/12/2024
OODM -64984,OODM-1262,Windows 10 (1607) 10.0.14393,192.168.1.47,Computer,4/12/2024
RAB-38936,RAB-1792,Windows 10 (1607) 10.0.14393,10.0.0.105,Workstation,4/12/2024
RAB-89396,RAB-1792,Windows 10 (1607) 10.0.14393,192.168.1.206,Workstation,4/12/2024
RSI-36629,RSI-2277,Windows 10 (1607) 10.0.14393,10.0.0.170,Workstation,4/12/2024
RSI-49218,RSI-2184,Windows 10 (1607) 10.0.14393,10.0.0.232,Computer,4/12/2024
AFPE -43176,AFPE-1034,Windows 10 (1703) 10.0.15063,192.168.1.10,Workstation,4/12/2024
AFPE -5141,AFPE-1019,Windows 10 (1703) 10.0.15063,192.168.1.240,Computer,4/12/2024
BOAP -52820,BOAP-1308,Windows 10 (1703) 10.0.15063,192.168.1.56,Computer,4/12/2024
BOAP -55249,BOAP-1308,Windows 10 (1703) 10.0.15063,10.0.0.49,Computer,4/12/2024
BOAP -7875,BOAP-1378,Windows 10 (1703) 10.0.15063,10.0.0.113,Workstation,4/12/2024
BOAP -87239,BOAP-1308,Windows 10 (1703) 10.0.15063,192.168.1.150,Computer,4/12/2024
BORC -80089,BORC-1528,Windows 10 (1703) 10.0.15063,10.0.0.179,Workstation,4/12/2024
CFRH -1674,CFRH-9751,Windows 10 (1703) 10.0.15063,10.0.0.60,Computer,4/12/2024
CFRH -94977,CFRH-9909,Windows 10 (1703) 10.0.15063,10.0.0.125,Workstation,4/12/2024
CFRH -99849,CFRH-9909,Windows 10 (1703) 10.0.15063,192.168.1.69,Computer,4/12/2024
CFSP -72245,CFSP-4457,Windows 10 (1703) 10.0.15063,10.0.0.190,Workstation,4/12/2024
DOCE -52216,DOCE-2154,Windows 10 (1703) 10.0.15063,10.0.0.4,Computer,4/12/2024
DOSR -16228,DOSR-3045,Windows 10 (1703) 10.0.15063,192.168.1.171,Computer,4/12/2024
DOSR -29089,DOSR-3233,Windows 10 (1703) 10.0.15063,192.168.1.79,Workstation,4/12/2024
DOSR -61262,DOSR-3233,Windows 10 (1703) 10.0.15063,10.0.0.72,New,4/12/2024
DOSR -72371,DOSR-3368,Windows 10 (1703) 10.0.15063,10.0.0.137,Workstation,4/12/2024
DOSR -78526,DOSR-3416,Windows 10 (1703) 10.0.15063,10.0.0.201,Workstation,4/12/2024
IOPS -36417,IOPS-7447,Windows 10 (1703) 10.0.15063,192.168.1.116,Workstation,4/12/2024
MOAA -11358,MOAA-4554,Windows 10 (1703) 10.0.15063,192.168.1.92,Workstation,4/12/2024
MOAA -20477,MOAA-5316,Windows 10 (1703) 10.0.15063,192.168.1.139,Computer,4/12/2024
MOAA -2107,MOAA-4246,Windows 10 (1703) 10.0.15063,10.0.0.17,Workstation,4/12/2024
MOAA -2340,MOAA-5122,Windows 10 (1703) 10.0.15063,192.168.1.229,Computer,4/12/2024
MOAA -32235,MOAA-5381,Windows 10 (1703) 10.0.15063,192.168.1.46,Computer,4/12/2024
MOAA -39446,MOAA-4486,Windows 10 (1703) 10.0.15063,10.0.0.210,Workstation,4/12/2024
MOAA -42444,MOAA-4844,Windows 10 (1703) 10.0.15063,10.0.0.28,Computer,4/12/2024
MOAA -45948,MOAA-4844,Windows 10 (1703) 10.0.15063,192.168.1.192,Computer,4/12/2024
MOAA -64591,MOAA-4729,Windows 10 (1703) 10.0.15063,192.168.1.33,Computer,4/12/2024
MOAA -65150,MOAA-4844,Windows 10 (1703) 10.0.15063,17.5.7.11,,4/12/2024
MOAA -72857,MOAA-4374,Windows 10 (1703) 10.0.15063,192.168.1.183,Computer,4/12/2024
MOAA -77416,MOAA-4554,Windows 10 (1703) 10.0.15063,192.168.1.217,Workstation,4/12/2024
MOAA -79850,MOAA-4415,Windows 10 (1703) 10.0.15063,10.0.0.146,Workstation,4/12/2024
MOAA -86227,MOAA-4729,Windows 10 (1703) 10.0.15063,192.168.1.127,Computer,4/12/2024
MOAA -93940,MOAA-5251,Windows 10 (1703) 10.0.15063,192.168.1.107,Workstation,4/12/2024
MOAA -96056,MOAA-4304,Windows 10 (1703) 10.0.15063,192.168.1.25,Computer,4/12/2024
MOAA -98703,MOAA-5057,Windows 10 (1703) 10.0.15063,10.0.0.158,Workstation,4/12/2024
OODM -68136,OODM-1262,Windows 10 (1703) 10.0.15063,192.168.1.16,Computer,4/12/2024
RAB-3822,RAB-1761,Windows 10 (1703) 10.0.15063,192.168.1.205,Workstation,4/12/2024
RAB-52854,RAB-1792,Windows 10 (1703) 10.0.15063,10.0.0.231,Computer,4/12/2024
RAB-658,RAB-1761,Windows 10 (1703) 10.0.15063,10.0.0.104,Workstation,4/12/2024
AFPE -64196,AFPE-1153,Windows 10 (1709) 10.0.16299,10.0.0.48,Computer,4/12/2024
AFPE -89772,AFPE-1153,Windows 10 (1709) 10.0.16299,192.168.1.55,Computer,4/12/2024
BOAP -97975,BOAP-1308,Windows 10 (1709) 10.0.16299,10.0.0.112,Workstation,4/12/2024
BORC -13528,BORC-1460,Windows 10 (1709) 10.0.16299,10.0.0.178,Workstation,4/12/2024
CCA-52120,CCA-1824,Windows 10 (1709) 10.0.16299,192.168.1.249,Computer,4/12/2024
CFRH -2500,CFRH-9768,Windows 10 (1709) 10.0.16299,10.0.0.124,Workstation,4/12/2024
CFRH -34964,CFRH-1580,Windows 10 (1709) 10.0.16299,192.168.1.159,Computer,4/12/2024
CFRH -69400,CFRH-9768,Windows 10 (1709) 10.0.16299,192.168.1.68,Computer,4/12/2024
DOCE -75603,DOCE-2202,Windows 10 (1709) 10.0.16299,192.168.1.170,Computer,4/12/2024
DOCE -92762,DOCE-2202,Windows 10 (1709) 10.0.16299,10.0.0.6,Computer,4/12/2024
DOSR -14320,DOSR-3178,Windows 10 (1709) 10.0.16299,192.168.1.78,Workstation,4/12/2024
DOSR -23629,DOSR-3368,Windows 10 (1709) 10.0.16299,10.0.0.200,Workstation,4/12/2024
DOSR -69949,DOSR-3178,Windows 10 (1709) 10.0.16299,10.0.0.71,New,4/12/2024
DOSR -8544,DOSR-3310,Windows 10 (1709) 10.0.16299,10.0.0.136,Workstation,4/12/2024
IOPS -74411,IOPS-7372,Windows 10 (1709) 10.0.16299,192.168.1.115,Workstation,4/12/2024
MOAA -10941,MOAA-4486,Windows 10 (1709) 10.0.16299,10.0.0.21,Workstation,4/12/2024
MOAA -12525,MOAA-5316,Windows 10 (1709) 10.0.16299,192.168.1.45,Computer,4/12/2024
MOAA -22324,MOAA-4246,Windows 10 (1709) 10.0.16299,192.168.1.24,Computer,4/12/2024
MOAA -32184,MOAA-5087,Windows 10 (1709) 10.0.16299,192.168.1.228,Computer,4/12/2024
MOAA -36100,MOAA-4304,Windows 10 (1709) 10.0.16299,192.168.1.182,Computer,4/12/2024
MOAA -36308,MOAA-4709,Windows 10 (1709) 10.0.16299,192.168.1.126,Computer,4/12/2024
MOAA -37955,MOAA-4374,Windows 10 (1709) 10.0.16299,10.0.0.145,Workstation,4/12/2024
MOAA -41794,MOAA-4486,Windows 10 (1709) 10.0.16299,192.168.1.91,Workstation,4/12/2024
MOAA -44235,MOAA-5005,Windows 10 (1709) 10.0.16299,10.0.0.157,Workstation,4/12/2024
MOAA -47274,MOAA-5381,Windows 10 (1709) 10.0.16299,10.0.0.39,Computer,4/12/2024
MOAA -47392,MOAA-4811,Windows 10 (1709) 10.0.16299,192.168.1.191,Computer,4/12/2024
MOAA -48004,MOAA-5381,Windows 10 (1709) 10.0.16299,192.168.1.15,Computer,4/12/2024
MOAA -50288,MOAA-5225,Windows 10 (1709) 10.0.16299,192.168.1.106,Workstation,4/12/2024
MOAA -67100,MOAA-5057,Windows 10 (1709) 10.0.16299,10.0.0.221,Workstation,4/12/2024
MOAA -76017,MOAA-5251,Windows 10 (1709) 10.0.16299,192.168.1.138,Computer,4/12/2024
MOAA -80187,MOAA-4374,Windows 10 (1709) 10.0.16299,10.0.0.19,Workstation,4/12/2024
MOAA -89371,MOAA-4811,Windows 10 (1709) 10.0.16299,10.0.0.27,Computer,4/12/2024
MOAA -95335,MOAA-4709,Windows 10 (1709) 10.0.16299,192.168.1.32,Computer,4/12/2024
MOAA -97433,MOAA-4486,Windows 10 (1709) 10.0.16299,192.168.1.216,Workstation,4/12/2024
Mulan,,Windows 10 (1709) 10.0.16299,17.5.7.113,Computer,4/12/2024
OODM -37632,OODM-1262,Windows 10 (1709) 10.0.16299,10.0.0.103,Workstation,4/12/2024
OODM -81570,OODM-1262,Windows 10 (1709) 10.0.16299,192.168.1.204,Workstation,4/12/2024
RAB-61651,RAB-1761,Windows 10 (1709) 10.0.16299,10.0.0.230,Computer,4/12/2024
RSI-83073,RSI-2184,Windows 10 (1709) 10.0.16299,10.0.0.169,Workstation,4/12/2024
AFPE -13632,AFPE-1153,Windows 10 (1803) 10.0.17134,192.168.1.149,Computer,4/12/2024
AFPE -25468,AFPE-1081,Windows 10 (1803) 10.0.17134,10.0.0.47,Computer,4/12/2024
AFPE -54372,AFPE-1153,Windows 10 (1803) 10.0.17134,10.0.0.111,Workstation,4/12/2024
AFPE -96968,AFPE-1081,Windows 10 (1803) 10.0.17134,192.168.1.54,Computer,4/12/2024
BORC -26268,BORC-1409,Windows 10 (1803) 10.0.17134,10.0.0.177,Workstation,4/12/2024
BORC -90089,BORC-1528,Windows 10 (1803) 10.0.17134,192.168.1.248,Computer,4/12/2024
CFRH -33369,CFRH-1546,Windows 10 (1803) 10.0.17134,192.168.1.158,Computer,4/12/2024
CFRH -33519,CFRH-9751,Windows 10 (1803) 10.0.17134,10.0.0.123,Workstation,4/12/2024
CFRH -55475,CFRH-9751,Windows 10 (1803) 10.0.17134,192.168.1.67,Computer,4/12/2024
CFRH -62981,CFRH-9984,Windows 10 (1803) 10.0.17134,10.0.0.189,Workstation,4/12/2024
CFRH -97799,CFRH-9677,Windows 10 (1803) 10.0.17134,10.0.0.59,Computer,4/12/2024
Cinderella,,Windows 10 (1803) 10.0.17134,17.5.7.111,Computer,4/12/2024
DOSR -22010,DOSR-3233,Windows 10 (1803) 10.0.17134,10.0.0.135,Workstation,4/12/2024
DOSR -53028,DOSR-3045,Windows 10 (1803) 10.0.17134,10.0.0.70,New,4/12/2024
DOSR -68808,DOSR-3045,Windows 10 (1803) 10.0.17134,192.168.1.77,Workstation,4/12/2024
MOAA -1431,MOAA-5251,Windows 10 (1803) 10.0.17134,192.168.1.44,Computer,4/12/2024
MOAA -30663,MOAA-4304,Windows 10 (1803) 10.0.17134,10.0.0.144,Workstation,4/12/2024
MOAA -37861,MOAA-4415,Windows 10 (1803) 10.0.17134,10.0.0.20,Workstation,4/12/2024
MOAA -40853,MOAA-4415,Windows 10 (1803) 10.0.17134,192.168.1.215,Workstation,4/12/2024
MOAA -41654,MOAA-5316,Windows 10 (1803) 10.0.17134,10.0.0.38,Computer,4/12/2024
MOAA -49395,MOAA-4729,Windows 10 (1803) 10.0.17134,10.0.0.26,Computer,4/12/2024
MOAA -61553,MOAA-5057,Windows 10 (1803) 10.0.17134,192.168.1.227,Computer,4/12/2024
MOAA -62048,MOAA-4624,Windows 10 (1803) 10.0.17134,10.0.0.23,Computer,4/12/2024
MOAA -69892,MOAA-5381,Windows 10 (1803) 10.0.17134,10.0.0.102,Workstation,4/12/2024
MOAA -71193,MOAA-4933,Windows 10 (1803) 10.0.17134,10.0.0.156,Workstation,4/12/2024
MOAA -76222,MOAA-4649,Windows 10 (1803) 10.0.17134,192.168.1.125,Computer,4/12/2024
MOAA -77361,MOAA-5005,Windows 10 (1803) 10.0.17134,10.0.0.220,Workstation,4/12/2024
MOAA -78821,MOAA-4246,Windows 10 (1803) 10.0.17134,192.168.1.181,Computer,4/12/2024
MOAA -80050,MOAA-5225,Windows 10 (1803) 10.0.17134,192.168.1.137,Computer,4/12/2024
MOAA -80850,MOAA-4415,Windows 10 (1803) 10.0.17134,192.168.1.90,Workstation,4/12/2024
MOAA -82094,MOAA-4729,Windows 10 (1803) 10.0.17134,192.168.1.190,Computer,4/12/2024
MOAA -87260,MOAA-5381,Windows 10 (1803) 10.0.17134,192.168.1.203,Workstation,4/12/2024
MOAA -89245,MOAA-5153,Windows 10 (1803) 10.0.17134,192.168.1.105,Workstation,4/12/2024
MOAA -95742,MOAA-4415,Windows 10 (1803) 10.0.17134,10.0.0.209,Workstation,4/12/2024
MOAA -98195,MOAA-4649,Windows 10 (1803) 10.0.17134,192.168.1.31,Computer,4/12/2024
RAB-40017,RAB-1761,Windows 10 (1803) 10.0.17134,192.168.1.17,Computer,4/12/2024
RAB-91300,RAB-1792,Windows 10 (1803) 10.0.17134,10.0.0.168,Workstation,4/12/2024
RSI-22108,RSI-2277,Windows 10 (1803) 10.0.17134,192.168.1.239,Computer,4/12/2024
RSI-60986,RSI-2277,Windows 10 (1803) 10.0.17134,192.168.1.114,Workstation,4/12/2024
AFPE -4057,AFPE-1081,Windows 10 (1809) 10.0.17763,192.168.1.148,Computer,4/12/2024
AFPE -53519,AFPE-1034,Windows 10 (1809) 10.0.17763,192.168.1.53,Computer,4/12/2024
AFPE -56465,AFPE-1034,Windows 10 (1809) 10.0.17763,10.0.0.46,Computer,4/12/2024
AFPE -73588,AFPE-1081,Windows 10 (1809) 10.0.17763,10.0.0.110,Workstation,4/12/2024
Belle,,Windows 10 (1809) 10.0.17763,17.5.7.109,Computer,4/12/2024
BOAP -72801,BOAP-1378,Windows 10 (1809) 10.0.17763,10.0.0.176,Workstation,4/12/2024
BORC -51131,BORC-1460,Windows 10 (1809) 10.0.17763,192.168.1.247,Computer,4/12/2024
CFRH -20820,CFRH-9677,Windows 10 (1809) 10.0.17763,192.168.1.66,Computer,4/12/2024
CFRH -35631,CFRH-9677,Windows 10 (1809) 10.0.17763,10.0.0.122,Workstation,4/12/2024
CFRH -52612,CFRH-1580,Windows 10 (1809) 10.0.17763,10.0.0.58,Computer,4/12/2024
CFRH -74155,CFRH-1465,Windows 10 (1809) 10.0.17763,192.168.1.157,Computer,4/12/2024
CFRH -82912,CFRH-9909,Windows 10 (1809) 10.0.17763,10.0.0.188,Workstation,4/12/2024
CFSP -50965,CFSP-4514,Windows 10 (1809) 10.0.17763,10.0.0.2,Workstation,4/12/2024
DOCE -30271,DOCE-2160,Windows 10 (1809) 10.0.17763,192.168.1.169,Computer,4/12/2024
DOCE -52997,DOCE-2202,Windows 10 (1809) 10.0.17763,192.168.1.76,Workstation,4/12/2024
DOSR -28391,DOSR-3178,Windows 10 (1809) 10.0.17763,10.0.0.134,Workstation,4/12/2024
DOSR -51604,DOSR-3045,Windows 10 (1809) 10.0.17763,10.0.0.7,New,4/12/2024
MOAA -1658,MOAA-4246,Windows 10 (1809) 10.0.17763,10.0.0.143,Workstation,4/12/2024
MOAA -1705,MOAA-5225,Windows 10 (1809) 10.0.17763,192.168.1.43,Computer,4/12/2024
MOAA -27016,MOAA-4876,Windows 10 (1809) 10.0.17763,10.0.0.155,Workstation,4/12/2024
MOAA -51049,MOAA-4554,Windows 10 (1809) 10.0.17763,10.0.0.22,Workstation,4/12/2024
MOAA -63683,MOAA-5316,Windows 10 (1809) 10.0.17763,192.168.1.202,Workstation,4/12/2024
MOAA -64475,MOAA-5153,Windows 10 (1809) 10.0.17763,192.168.1.136,Computer,4/12/2024
MOAA -65419,MOAA-4624,Windows 10 (1809) 10.0.17763,192.168.1.124,Computer,4/12/2024
MOAA -67616,MOAA-5316,Windows 10 (1809) 10.0.17763,10.0.0.101,Workstation,4/12/2024
MOAA -70521,MOAA-5251,Windows 10 (1809) 10.0.17763,10.0.0.37,Computer,4/12/2024
MOAA -74255,MOAA-5122,Windows 10 (1809) 10.0.17763,192.168.1.104,Workstation,4/12/2024
MOAA -83229,MOAA-4374,Windows 10 (1809) 10.0.17763,192.168.1.89,Workstation,4/12/2024
MOAA -84930,MOAA-4624,Windows 10 (1809) 10.0.17763,192.168.1.30,Computer,4/12/2024
MOAA -9359,MOAA-4201,Windows 10 (1809) 10.0.17763,192.168.1.180,Computer,4/12/2024
MOAA -93607,MOAA-4709,Windows 10 (1809) 10.0.17763,10.0.0.25,Computer,4/12/2024
MOAA -94374,MOAA-4374,Windows 10 (1809) 10.0.17763,192.168.1.214,Workstation,4/12/2024
MOAA -94873,MOAA-5005,Windows 10 (1809) 10.0.17763,192.168.1.226,Computer,4/12/2024
MOAA -98276,MOAA-4374,Windows 10 (1809) 10.0.17763,10.0.0.208,Workstation,4/12/2024
OODM -4349,OODM-1262,Windows 10 (1809) 10.0.17763,10.0.0.229,Computer,4/12/2024
RAB-81678,RAB-1761,Windows 10 (1809) 10.0.17763,10.0.0.167,Workstation,4/12/2024
RSI-17388,RSI-2184,Windows 10 (1809) 10.0.17763,192.168.1.238,Computer,4/12/2024
RSI-60912,RSI-2184,Windows 10 (1809) 10.0.17763,192.168.1.19,Computer,4/12/2024
RSI-96678,RSI-2184,Windows 10 (1809) 10.0.17763,192.168.1.113,Workstation,4/12/2024
AFPE -54303,AFPE-1019,Windows 10 (1903) 10.0.18362,10.0.0.45,Computer,4/12/2024
AFPE -68765,AFPE-1034,Windows 10 (1903) 10.0.18362,192.168.1.147,Computer,4/12/2024
AFPE -90372,AFPE-1019,Windows 10 (1903) 10.0.18362,192.168.1.52,Computer,4/12/2024
BOAP -75461,BOAP-1308,Windows 10 (1903) 10.0.18362,10.0.0.175,Workstation,4/12/2024
BORC -2518,BORC-1409,Windows 10 (1903) 10.0.18362,192.168.1.246,Computer,4/12/2024
CFRH -12552,CFRH-9768,Windows 10 (1903) 10.0.18362,10.0.0.187,Workstation,4/12/2024
CFRH -23622,CFRH-1580,Windows 10 (1903) 10.0.18362,192.168.1.65,Computer,4/12/2024
CFRH -57251,CFRH-1580,Windows 10 (1903) 10.0.18362,10.0.0.121,Workstation,4/12/2024
CFRH -68925,CFRH-1366,Windows 10 (1903) 10.0.18362,192.168.1.156,Computer,4/12/2024
CFRH -89838,CFRH-1546,Windows 10 (1903) 10.0.18362,10.0.0.57,Computer,4/12/2024
DOCE -17784,DOCE-2160,Windows 10 (1903) 10.0.18362,192.168.1.75,Workstation,4/12/2024
DOCE -22585,DOCE-2202,Windows 10 (1903) 10.0.18362,10.0.0.69,CN,4/12/2024
DOCE -63303,DOCE-2154,Windows 10 (1903) 10.0.18362,192.168.1.168,Computer,4/12/2024
Donald Duck,,Windows 10 (1903) 10.0.18362,17.5.7.107,Computer,4/12/2024
DOSR -15339,DOSR-3045,Windows 10 (1903) 10.0.18362,10.0.0.133,Workstation,4/12/2024
DOSR -39878,DOSR-3368,Windows 10 (1903) 10.0.18362,10.0.0.11,Workstation,4/12/2024
DOSR -9193,DOSR-3310,Windows 10 (1903) 10.0.18362,10.0.0.199,Workstation,4/12/2024
MOAA -10474,MOAA-4304,Windows 10 (1903) 10.0.18362,192.168.1.88,Workstation,4/12/2024
MOAA -11632,MOAA-4201,Windows 10 (1903) 10.0.18362,10.0.0.142,Workstation,4/12/2024
MOAA -17120,MOAA-5153,Windows 10 (1903) 10.0.18362,192.168.1.42,Computer,4/12/2024
MOAA -21477,MOAA-4933,Windows 10 (1903) 10.0.18362,192.168.1.225,Computer,4/12/2024
MOAA -32260,MOAA-4554,Windows 10 (1903) 10.0.18362,192.168.1.123,Computer,4/12/2024
MOAA -4034,MOAA-4709,Windows 10 (1903) 10.0.18362,192.168.1.189,Computer,4/12/2024
MOAA -43207,MOAA-5381,Windows 10 (1903) 10.0.18362,10.0.0.228,Computer,4/12/2024
MOAA -44998,MOAA-5225,Windows 10 (1903) 10.0.18362,10.0.0.36,Computer,4/12/2024
MOAA -52973,MOAA-4554,Windows 10 (1903) 10.0.18362,192.168.1.29,Computer,4/12/2024
MOAA -54845,MOAA-5122,Windows 10 (1903) 10.0.18362,192.168.1.135,Computer,4/12/2024
MOAA -54998,MOAA-5251,Windows 10 (1903) 10.0.18362,10.0.0.100,Workstation,4/12/2024
MOAA -60573,MOAA-4933,Windows 10 (1903) 10.0.18362,10.0.0.219,Workstation,4/12/2024
MOAA -6345,MOAA-5251,Windows 10 (1903) 10.0.18362,192.168.1.201,Workstation,4/12/2024
MOAA -69838,MOAA-4304,Windows 10 (1903) 10.0.18362,192.168.1.213,Workstation,4/12/2024
MOAA -8039,MOAA-4304,Windows 10 (1903) 10.0.18362,10.0.0.207,Workstation,4/12/2024
MOAA -87513,MOAA-4844,Windows 10 (1903) 10.0.18362,10.0.0.154,Workstation,4/12/2024
MOAA -88817,MOAA-5087,Windows 10 (1903) 10.0.18362,192.168.1.103,Workstation,4/12/2024
MOAA -88824,MOAA-4649,Windows 10 (1903) 10.0.18362,10.0.0.24,Computer,4/12/2024
OODM -47997,OODM-1262,Windows 10 (1903) 10.0.18362,10.0.0.166,Workstation,4/12/2024
RAB-17401,RAB-1792,Windows 10 (1903) 10.0.18362,192.168.1.237,Computer,4/12/2024
RAB-19399,RAB-1792,Windows 10 (1903) 10.0.18362,192.168.1.112,Workstation,4/12/2024
RAB-98908,RAB-1792,Windows 10 (1903) 10.0.18362,192.168.1.18,Computer,4/12/2024
AFPE -62135,AFPE-1034,Windows 10 (1909) 10.0.18363,10.0.0.109,Workstation,4/12/2024
AFPE -87017,AFPE-1019,Windows 10 (1909) 10.0.18363,192.168.1.146,Computer,4/12/2024
AFPE -89416,AFPE-1153,Windows 10 (1909) 10.0.18363,10.0.0.174,Workstation,4/12/2024
BOAP -83373,BOAP-1378,Windows 10 (1909) 10.0.18363,192.168.1.245,Computer,4/12/2024
CCA-93307,CCA-1824,Windows 10 (1909) 10.0.18363,192.168.1.155,Computer,4/12/2024
CFRH -60634,CFRH-1546,Windows 10 (1909) 10.0.18363,10.0.0.120,Workstation,4/12/2024
CFRH -73588,CFRH-1465,Windows 10 (1909) 10.0.18363,10.0.0.56,Computer,4/12/2024
CFRH -91257,CFRH-9751,Windows 10 (1909) 10.0.18363,10.0.0.186,Workstation,4/12/2024
CFRH -99917,CFRH-1546,Windows 10 (1909) 10.0.18363,192.168.1.64,Computer,4/12/2024
CFSP -19501,CFSP-4537,Windows 10 (1909) 10.0.18363,192.168.1.167,Computer,4/12/2024
DOCE -23414,DOCE-2202,Windows 10 (1909) 10.0.18363,10.0.0.132,Workstation,4/12/2024
DOCE -32525,DOCE-2154,Windows 10 (1909) 10.0.18363,192.168.1.74,Workstation,4/12/2024
DOSR -31461,DOSR-3310,Windows 10 (1909) 10.0.18363,10.0.0.10,Workstation,4/12/2024
DOSR -77487,DOSR-3233,Windows 10 (1909) 10.0.18363,10.0.0.198,Workstation,4/12/2024
IOPS -24568,IOPS-7447,Windows 10 (1909) 10.0.18363,192.168.1.179,Computer,4/12/2024
IOPS -65942,IOPS-7447,Windows 10 (1909) 10.0.18363,10.0.0.141,Workstation,4/12/2024
Mickey Mouse,,Windows 10 (1909) 10.0.18363,17.5.7.105,Computer,4/12/2024
MOAA -13159,MOAA-5087,Windows 10 (1909) 10.0.18363,192.168.1.134,Computer,4/12/2024
MOAA -2160,MOAA-4876,Windows 10 (1909) 10.0.18363,10.0.0.218,Workstation,4/12/2024
MOAA -26955,MOAA-4246,Windows 10 (1909) 10.0.18363,10.0.0.206,Workstation,4/12/2024
MOAA -27305,MOAA-4246,Windows 10 (1909) 10.0.18363,192.168.1.87,Workstation,4/12/2024
MOAA -42254,MOAA-4649,Windows 10 (1909) 10.0.18363,192.168.1.188,Computer,4/12/2024
MOAA -42486,MOAA-5381,Windows 10 (1909) 10.0.18363,10.0.0.165,Workstation,4/12/2024
MOAA -4311,MOAA-4876,Windows 10 (1909) 10.0.18363,192.168.1.224,Computer,4/12/2024
MOAA -50183,MOAA-5122,Windows 10 (1909) 10.0.18363,192.168.1.41,Computer,4/12/2024
MOAA -51451,MOAA-4246,Windows 10 (1909) 10.0.18363,192.168.1.212,Workstation,4/12/2024
MOAA -55397,MOAA-5057,Windows 10 (1909) 10.0.18363,192.168.1.102,Workstation,4/12/2024
MOAA -62121,MOAA-4811,Windows 10 (1909) 10.0.18363,10.0.0.153,Workstation,4/12/2024
MOAA -79028,MOAA-4486,Windows 10 (1909) 10.0.18363,192.168.1.28,Computer,4/12/2024
MOAA -82229,MOAA-5316,Windows 10 (1909) 10.0.18363,10.0.0.227,Computer,4/12/2024
MOAA -82491,MOAA-5225,Windows 10 (1909) 10.0.18363,192.168.1.200,Workstation,4/12/2024
MOAA -86382,MOAA-5153,Windows 10 (1909) 10.0.18363,10.0.0.35,Computer,4/12/2024
MOAA -91536,MOAA-4486,Windows 10 (1909) 10.0.18363,192.168.1.122,Computer,4/12/2024
MOAA -91737,MOAA-4374,Windows 10 (1909) 10.0.18363,10.0.0.239,Computer,4/12/2024
RAB-41387,RAB-1761,Windows 10 (1909) 10.0.18363,192.168.1.111,Workstation,4/12/2024
RAB-43172,RAB-1761,Windows 10 (1909) 10.0.18363,192.168.1.236,Computer,4/12/2024
RSI-15819,RSI-2277,Windows 10 (1909) 10.0.18363,192.168.1.51,Computer,4/12/2024
RSI-52080,RSI-2277,Windows 10 (1909) 10.0.18363,10.0.0.44,Computer,4/12/2024
AFPE -10466,AFPE-1081,Windows 10 (2004) 10.0.19041,10.0.0.173,Workstation,4/12/2024
AFPE -9262,AFPE-1019,Windows 10 (2004) 10.0.19041,10.0.0.108,Workstation,4/12/2024
BOAP -51105,BOAP-1308,Windows 10 (2004) 10.0.19041,192.168.1.244,Computer,4/12/2024
BORC -5325,BORC-1528,Windows 10 (2004) 10.0.19041,192.168.1.154,Computer,4/12/2024
CFRH -30395,CFRH-9677,Windows 10 (2004) 10.0.19041,10.0.0.185,Workstation,4/12/2024
CFRH -75564,CFRH-1366,Windows 10 (2004) 10.0.19041,10.0.0.55,Computer,4/12/2024
CFRH -79695,CFRH-1465,Windows 10 (2004) 10.0.19041,192.168.1.63,Computer,4/12/2024
CFSP -86693,CFSP-4514,Windows 10 (2004) 10.0.19041,192.168.1.166,Computer,4/12/2024
CFSP -92309,CFSP-4457,Windows 10 (2004) 10.0.19041,10.0.0.1,Workstation,4/12/2024
DOCE -139,DOCE-2160,Windows 10 (2004) 10.0.19041,10.0.0.131,Workstation,4/12/2024
DOCE -499,DOCE-2154,Windows 10 (2004) 10.0.19041,10.0.0.67,Computer,4/12/2024
DOSR -17366,DOSR-3178,Windows 10 (2004) 10.0.19041,10.0.0.197,Workstation,4/12/2024
DOSR -58735,DOSR-3416,Windows 10 (2004) 10.0.19041,10.0.0.12,Workstation,4/12/2024
IOPS -21875,IOPS-7372,Windows 10 (2004) 10.0.19041,10.0.0.140,Workstation,4/12/2024
IOPS -52963,IOPS-7372,Windows 10 (2004) 10.0.19041,192.168.1.178,Computer,4/12/2024
MOAA -18872,MOAA-4624,Windows 10 (2004) 10.0.19041,192.168.1.187,Computer,4/12/2024
MOAA -20453,MOAA-5316,Windows 10 (2004) 10.0.19041,10.0.0.164,Workstation,4/12/2024
MOAA -2183,MOAA-5122,Windows 10 (2004) 10.0.19041,10.0.0.34,Computer,4/12/2024
MOAA -24618,MOAA-4876,Windows 10 (2004) 10.0.19041,192.168.1.99,Workstation,4/12/2024
MOAA -25223,MOAA-5057,Windows 10 (2004) 10.0.19041,192.168.1.133,Computer,4/12/2024
MOAA -40491,MOAA-4844,Windows 10 (2004) 10.0.19041,192.168.1.223,Computer,4/12/2024
MOAA -4324,MOAA-4201,Windows 10 (2004) 10.0.19041,192.168.1.211,Workstation,4/12/2024
MOAA -45085,MOAA-4304,Windows 10 (2004) 10.0.19041,10.0.0.238,Computer,4/12/2024
MOAA -47487,MOAA-4844,Windows 10 (2004) 10.0.19041,10.0.0.217,Workstation,4/12/2024
MOAA -49921,MOAA-4201,Windows 10 (2004) 10.0.19041,10.0.0.205,Workstation,4/12/2024
MOAA -53525,MOAA-5251,Windows 10 (2004) 10.0.19041,10.0.0.226,Computer,4/12/2024
MOAA -55075,MOAA-4729,Windows 10 (2004) 10.0.19041,10.0.0.152,Workstation,4/12/2024
MOAA -5612,MOAA-4415,Windows 10 (2004) 10.0.19041,192.168.1.121,Computer,4/12/2024
MOAA -65885,MOAA-5005,Windows 10 (2004) 10.0.19041,192.168.1.101,Workstation,4/12/2024
MOAA -81043,MOAA-4709,Windows 10 (2004) 10.0.19041,192.168.1.220,Workstation,4/12/2024
MOAA -94890,MOAA-5087,Windows 10 (2004) 10.0.19041,192.168.1.40,Computer,4/12/2024
MOAA -95531,MOAA-4201,Windows 10 (2004) 10.0.19041,192.168.1.86,Workstation,4/12/2024
MOAA -9928,MOAA-4415,Windows 10 (2004) 10.0.19041,192.168.1.27,Computer,4/12/2024
OODM -37665,OODM-1262,Windows 10 (2004) 10.0.19041,192.168.1.110,Workstation,4/12/2024
OODM -63188,OODM-1262,Windows 10 (2004) 10.0.19041,192.168.1.235,Computer,4/12/2024
RSI-26495,RSI-2277,Windows 10 (2004) 10.0.19041,192.168.1.20,Workstation,4/12/2024
RSI-39437,RSI-2184,Windows 10 (2004) 10.0.19041,192.168.1.50,Computer,4/12/2024
RSI-43024,RSI-2184,Windows 10 (2004) 10.0.19041,10.0.0.43,Computer,4/12/2024
RSI-59734,RSI-2277,Windows 10 (2004) 10.0.19041,192.168.1.145,Computer,4/12/2024
AFPE -41846,AFPE-1153,Windows 10 (20H2) 10.0.19042,192.168.1.243,Computer,4/12/2024
AFPE -96874,AFPE-1034,Windows 10 (20H2) 10.0.19042,10.0.0.172,Workstation,4/12/2024
BORC -27610,BORC-1460,Windows 10 (20H2) 10.0.19042,192.168.1.153,Computer,4/12/2024
CCA-12439,CCA-1824,Windows 10 (20H2) 10.0.19042,10.0.0.54,Computer,4/12/2024
CFRH -24914,CFRH-1366,Windows 10 (20H2) 10.0.19042,192.168.1.62,Computer,4/12/2024
CFRH -55080,CFRH-1580,Windows 10 (20H2) 10.0.19042,10.0.0.184,Workstation,4/12/2024
CFRH -69562,CFRH-1465,Windows 10 (20H2) 10.0.19042,10.0.0.119,Workstation,4/12/2024
CFRH -71981,CFRH-9751,Windows 10 (20H2) 10.0.19042,10.0.0.1,Workstation,4/12/2024
CFSP -22507,CFSP-4457,Windows 10 (20H2) 10.0.19042,192.168.1.165,Computer,4/12/2024
CFSP -67657,CFSP-4537,Windows 10 (20H2) 10.0.19042,10.0.0.66,Computer,4/12/2024
DOCE -40531,DOCE-2154,Windows 10 (20H2) 10.0.19042,10.0.0.130,Workstation,4/12/2024
DOSR -66009,DOSR-3045,Windows 10 (20H2) 10.0.19042,10.0.0.196,Workstation,4/12/2024
IOPS -19546,IOPS-7447,Windows 10 (20H2) 10.0.19042,192.168.1.85,Workstation,4/12/2024
IOPS -23105,IOPS-7447,Windows 10 (20H2) 10.0.19042,192.168.1.210,Workstation,4/12/2024
IOPS -36780,IOPS-7372,Windows 10 (20H2) 10.0.19042,10.0.0.14,Workstation,4/12/2024
IOPS -77239,IOPS-7295,Windows 10 (20H2) 10.0.19042,192.168.1.177,Computer,4/12/2024
IOPS -88124,IOPS-7447,Windows 10 (20H2) 10.0.19042,192.168.1.22,Workstation,4/12/2024
IOPS -90280,IOPS-7447,Windows 10 (20H2) 10.0.19042,10.0.0.204,Workstation,4/12/2024
MOAA -1174,MOAA-5381,Windows 10 (20H2) 10.0.19042,192.168.1.234,Computer,4/12/2024
MOAA -11763,MOAA-5225,Windows 10 (20H2) 10.0.19042,10.0.0.225,Computer,4/12/2024
MOAA -18144,MOAA-5057,Windows 10 (20H2) 10.0.19042,192.168.1.39,Computer,4/12/2024
MOAA -2390,MOAA-5153,Windows 10 (20H2) 10.0.19042,192.168.1.11,Workstation,4/12/2024
MOAA -41247,MOAA-5005,Windows 10 (20H2) 10.0.19042,192.168.1.132,Computer,4/12/2024
MOAA -41461,MOAA-4374,Windows 10 (20H2) 10.0.19042,192.168.1.26,Computer,4/12/2024
MOAA -44695,MOAA-4933,Windows 10 (20H2) 10.0.19042,192.168.1.100,Workstation,4/12/2024
MOAA -45720,MOAA-4811,Windows 10 (20H2) 10.0.19042,10.0.0.216,Workstation,4/12/2024
MOAA -48031,MOAA-4374,Windows 10 (20H2) 10.0.19042,192.168.1.120,Computer,4/12/2024
MOAA -56124,MOAA-5153,Windows 10 (20H2) 10.0.19042,192.168.1.199,Workstation,4/12/2024
MOAA -56777,MOAA-5087,Windows 10 (20H2) 10.0.19042,10.0.0.33,Computer,4/12/2024
MOAA -60163,MOAA-4554,Windows 10 (20H2) 10.0.19042,192.168.1.186,Computer,4/12/2024
MOAA -63644,MOAA-5251,Windows 10 (20H2) 10.0.19042,10.0.0.163,Workstation,4/12/2024
MOAA -65565,MOAA-4246,Windows 10 (20H2) 10.0.19042,10.0.0.237,Computer,4/12/2024
MOAA -72182,MOAA-4844,Windows 10 (20H2) 10.0.19042,192.168.1.98,Workstation,4/12/2024
MOAA -83356,MOAA-4709,Windows 10 (20H2) 10.0.19042,10.0.0.151,Workstation,4/12/2024
MOAA -84585,MOAA-5153,Windows 10 (20H2) 10.0.19042,10.0.0.98,Workstation,4/12/2024
MOAA -90084,MOAA-4811,Windows 10 (20H2) 10.0.19042,192.168.1.222,Computer,4/12/2024
RAB-59219,RAB-1792,Windows 10 (20H2) 10.0.19042,10.0.0.42,Computer,4/12/2024
RAB-99862,RAB-1792,Windows 10 (20H2) 10.0.19042,192.168.1.49,Computer,4/12/2024
RSI-38261,RSI-2277,Windows 10 (20H2) 10.0.19042,10.0.0.107,Workstation,4/12/2024
RSI-52977,RSI-2184,Windows 10 (20H2) 10.0.19042,192.168.1.144,Computer,4/12/2024
BORC -33421,BORC-1528,Windows 10 (21H1) 10.0.19043,10.0.0.53,Computer,4/12/2024
CCA-22217,CCA-1824,Windows 10 (21H1) 10.0.19043,192.168.1.61,Computer,4/12/2024
CFRH -18385,CFRH-1366,Windows 10 (21H1) 10.0.19043,10.0.0.118,Workstation,4/12/2024
CFRH -19229,CFRH-1546,Windows 10 (21H1) 10.0.19043,10.0.0.183,Workstation,4/12/2024
CFRH -54721,CFRH-1465,Windows 10 (21H1) 10.0.19043,10.0.0.1,Workstation,4/12/2024
CFRH -69674,CFRH-9984,Windows 10 (21H1) 10.0.19043,192.168.1.164,Computer,4/12/2024
CFRH -82850,CFRH-9677,Windows 10 (21H1) 10.0.19043,192.168.1.254,Computer,4/12/2024
CFSP -3413,CFSP-4514,Windows 10 (21H1) 10.0.19043,10.0.0.65,Computer,4/12/2024
DOCE -11546,DOCE-2202,Windows 10 (21H1) 10.0.19043,10.0.0.195,Workstation,4/12/2024
DOSR -38693,DOSR-3416,Windows 10 (21H1) 10.0.19043,192.168.1.176,Computer,4/12/2024
IOPS -1045,IOPS-7372,Windows 10 (21H1) 10.0.19043,192.168.1.84,Workstation,4/12/2024
IOPS -51033,IOPS-7295,Windows 10 (21H1) 10.0.19043,10.0.0.13,Workstation,4/12/2024
IOPS -87636,IOPS-7372,Windows 10 (21H1) 10.0.19043,192.168.1.21,Workstation,4/12/2024
MOAA -16624,MOAA-4933,Windows 10 (21H1) 10.0.19043,192.168.1.131,Computer,4/12/2024
MOAA -255,MOAA-4811,Windows 10 (21H1) 10.0.19043,192.168.1.97,Workstation,4/12/2024
MOAA -32878,MOAA-5122,Windows 10 (21H1) 10.0.19043,192.168.1.198,Workstation,4/12/2024
MOAA -36298,MOAA-5122,Windows 10 (21H1) 10.0.19043,192.168.1.10,Workstation,4/12/2024
MOAA -39573,MOAA-4649,Windows 10 (21H1) 10.0.19043,10.0.0.150,Workstation,4/12/2024
MOAA -4889,MOAA-4201,Windows 10 (21H1) 10.0.19043,10.0.0.236,Computer,4/12/2024
MOAA -52321,MOAA-5153,Windows 10 (21H1) 10.0.19043,10.0.0.224,Computer,4/12/2024
MOAA -56589,MOAA-5316,Windows 10 (21H1) 10.0.19043,192.168.1.233,Computer,4/12/2024
MOAA -63954,MOAA-5005,Windows 10 (21H1) 10.0.19043,192.168.1.38,Computer,4/12/2024
MOAA -65271,MOAA-5057,Windows 10 (21H1) 10.0.19043,10.0.0.32,Computer,4/12/2024
MOAA -67299,MOAA-4729,Windows 10 (21H1) 10.0.19043,10.0.0.215,Workstation,4/12/2024
MOAA -82140,MOAA-5225,Windows 10 (21H1) 10.0.19043,10.0.0.162,Workstation,4/12/2024
MOAA -83351,MOAA-4729,Windows 10 (21H1) 10.0.19043,192.168.1.221,Computer,4/12/2024
RAB-89867,RAB-1792,Windows 10 (21H1) 10.0.19043,192.168.1.143,Computer,4/12/2024
BORC -24619,BORC-1460,Windows 10 (21H2) 10.0.19044,10.0.0.52,Computer,4/12/2024
BORC -64354,BORC-1528,Windows 10 (21H2) 10.0.19044,192.168.1.60,Computer,4/12/2024
CCA-71070,CCA-1824,Windows 10 (21H2) 10.0.19044,10.0.0.117,Workstation,4/12/2024
CFRH -16428,CFRH-9768,Windows 10 (21H2) 10.0.19044,192.168.1.10,Workstation,4/12/2024
CFRH -1910,CFRH-1580,Windows 10 (21H2) 10.0.19044,192.168.1.253,Computer,4/12/2024
CFRH -23574,CFRH-9909,Windows 10 (21H2) 10.0.19044,192.168.1.163,Computer,4/12/2024
CFRH -36911,CFRH-1465,Windows 10 (21H2) 10.0.19044,10.0.0.182,Workstation,4/12/2024
CFSP -19262,CFSP-4537,Windows 10 (21H2) 10.0.19044,192.168.1.73,Computer,4/12/2024
CFSP -60144,CFSP-4537,Windows 10 (21H2) 10.0.19044,10.0.0.129,Workstation,4/12/2024
CFSP -98879,CFSP-4457,Windows 10 (21H2) 10.0.19044,10.0.0.64,Computer,4/12/2024
DOCE -79903,DOCE-2160,Windows 10 (21H2) 10.0.19044,10.0.0.194,Workstation,4/12/2024
DOSR -24738,DOSR-3368,Windows 10 (21H2) 10.0.19044,192.168.1.175,Computer,4/12/2024
IOPS -17390,IOPS-7372,Windows 10 (21H2) 10.0.19044,192.168.1.209,Workstation,4/12/2024
IOPS -42230,IOPS-7447,Windows 10 (21H2) 10.0.19044,10.0.0.235,Computer,4/12/2024
IOPS -60793,IOPS-7295,Windows 10 (21H2) 10.0.19044,192.168.1.83,Workstation,4/12/2024
IOPS -74073,IOPS-7447,Windows 10 (21H2) 10.0.19044,10.0.0.15,Workstation,4/12/2024
MOAA -12011,MOAA-5153,Windows 10 (21H2) 10.0.19044,10.0.0.161,Workstation,4/12/2024
MOAA -14809,MOAA-5005,Windows 10 (21H2) 10.0.19044,10.0.0.31,Computer,4/12/2024
MOAA -3305,MOAA-5057,Windows 10 (21H2) 10.0.19044,192.168.1.196,Computer,4/12/2024
MOAA -39258,MOAA-5251,Windows 10 (21H2) 10.0.19044,192.168.1.232,Computer,4/12/2024
MOAA -46435,MOAA-5122,Windows 10 (21H2) 10.0.19044,10.0.0.223,Computer,4/12/2024
MOAA -65720,MOAA-4729,Windows 10 (21H2) 10.0.19044,192.168.1.96,Workstation,4/12/2024
MOAA -79353,MOAA-4933,Windows 10 (21H2) 10.0.19044,192.168.1.37,Computer,4/12/2024
MOAA -87471,MOAA-4709,Windows 10 (21H2) 10.0.19044,10.0.0.214,Workstation,4/12/2024
MOAA -87624,MOAA-5087,Windows 10 (21H2) 10.0.19044,192.168.1.197,Workstation,4/12/2024
MOAA -9791,MOAA-4876,Windows 10 (21H2) 10.0.19044,192.168.1.130,Computer,4/12/2024
RAB-25024,RAB-1761,Windows 10 (21H2) 10.0.19044,192.168.1.142,Computer,4/12/2024
BORC -57570,BORC-1409,Windows 11 (21H2) 10.0.22000,10.0.0.51,Computer,4/12/2024
BORC -86586,BORC-1460,Windows 11 (21H2) 10.0.22000,192.168.1.59,Computer,4/12/2024
BORC -96962,BORC-1528,Windows 11 (21H2) 10.0.22000,10.0.0.116,Workstation,4/12/2024
CFRH -37637,CFRH-9984,Windows 11 (21H2) 10.0.22000,10.0.0.63,Computer,4/12/2024
CFRH -42442,CFRH-1546,Windows 11 (21H2) 10.0.22000,192.168.1.252,Computer,4/12/2024
CFRH -59435,CFRH-1366,Windows 11 (21H2) 10.0.22000,10.0.0.181,Workstation,4/12/2024
CFRH -6361,CFRH-9768,Windows 11 (21H2) 10.0.22000,192.168.1.162,Computer,4/12/2024
CFRH -77105,CFRH-1546,Windows 11 (21H2) 10.0.22000,192.168.1.10,Workstation,4/12/2024
CFSP -55759,CFSP-4514,Windows 11 (21H2) 10.0.22000,192.168.1.72,Computer,4/12/2024
CFSP -84668,CFSP-4514,Windows 11 (21H2) 10.0.22000,10.0.0.128,Workstation,4/12/2024
DOCE -25020,DOCE-2154,Windows 11 (21H2) 10.0.22000,10.0.0.193,Workstation,4/12/2024
DOSR -2397,DOSR-3416,Windows 11 (21H2) 10.0.22000,192.168.1.82,Workstation,4/12/2024
DOSR -77827,DOSR-3310,Windows 11 (21H2) 10.0.22000,192.168.1.174,Computer,4/12/2024
IOPS -72377,IOPS-7372,Windows 11 (21H2) 10.0.22000,10.0.0.234,Computer,4/12/2024
MOAA -13815,MOAA-5251,Windows 11 (21H2) 10.0.22000,192.168.1.13,Computer,4/12/2024
MOAA -15573,MOAA-5087,Windows 11 (21H2) 10.0.22000,10.0.0.222,Computer,4/12/2024
MOAA -27097,MOAA-4304,Windows 11 (21H2) 10.0.22000,192.168.1.119,Workstation,4/12/2024
MOAA -58623,MOAA-4624,Windows 11 (21H2) 10.0.22000,10.0.0.149,Workstation,4/12/2024
MOAA -61576,MOAA-5005,Windows 11 (21H2) 10.0.22000,192.168.1.195,Computer,4/12/2024
MOAA -66435,MOAA-5225,Windows 11 (21H2) 10.0.22000,192.168.1.231,Computer,4/12/2024
MOAA -66738,MOAA-4876,Windows 11 (21H2) 10.0.22000,192.168.1.36,Computer,4/12/2024
MOAA -69423,MOAA-4933,Windows 11 (21H2) 10.0.22000,10.0.0.30,Computer,4/12/2024
MOAA -76164,MOAA-5122,Windows 11 (21H2) 10.0.22000,10.0.0.160,Workstation,4/12/2024
MOAA -76673,MOAA-4649,Windows 11 (21H2) 10.0.22000,10.0.0.213,Workstation,4/12/2024
MOAA -93199,MOAA-4709,Windows 11 (21H2) 10.0.22000,192.168.1.95,Workstation,4/12/2024
OODM -74619,OODM-1262,Windows 11 (21H2) 10.0.22000,192.168.1.141,Computer,4/12/2024
RSI-4622,RSI-2277,Windows 11 (21H2) 10.0.22000,192.168.1.208,Workstation,4/12/2024
MOAA -14451,MOAA-5122,Windows 10 (21H1) 10.0.19043,10.0.0.97,Workstation,4/12/2024
J,MOAA-5005,Windows 10 (21H1) 10.0.19043,17.5.7.108,,4/12/2024
Name_unknown,MOAA-5153,Windows 10 (21H1) 10.0.19043,17.5.7.112,,4/12/2024
prt,MOAA-5225,Windows 10 (21H1) 10.0.19043,10.0.0.99,,4/12/2024
Name_unknown,MOAA-4811,Windows 10 (21H1) 10.0.19043,17.5.7.104,,4/12/2024
Name_unknown,MOAA-4811,Windows 10 (21H1) 10.0.19043,17.5.7.10,,4/12/2024
Name_unknown,MOAA-4876,Windows 10 (21H1) 10.0.19043,17.5.7.106,,4/12/2024
Name_unknown,MOAA-4649,Windows 10 (21H1) 10.0.19043,17.5.7.101,,4/12/2024
Name_unknown,MOAA-5087,Windows 10 (21H1) 10.0.19043,17.5.7.110,,4/12/2024
Name_unknown,MOAA-4624,Windows 10 (21H1) 10.0.19043,17.5.7.100,,4/12/2024
